,ZIP,City,State,Latitude,Longitude,County,Median Income,Population
0,31150,Atlanta,GA,33.844371,-84.47405,Fulton County,,
1,31646,Saint George,GA,30.518903,-82.08063,Washington County,,
2,31826,Shiloh,GA,32.803518,-84.69384000000002,Hardin County,22196,2238
3,30334,Atlanta,GA,33.702657,-84.439127,Fulton County,-666666666,0
4,31606,Valdosta,GA,30.802411,-83.19624,Lowndes County,24773,3543
5,31732,Cedar Springs,GA,31.169794,-85.0557,Kent County,,
6,30444,East Point,GA,33.696073,-84.450276,Fulton County,,
7,30531,Cornelia,GA,34.514215,-83.54118000000003,Habersham County,25113,10818
8,30746,Sugar Valley,GA,34.574804,-85.02481999999998,Gordon County,21581,940
9,30415,Brooklet,GA,32.3456,-81.62339,Bulloch County,30633,6161
10,31525,Brunswick,GA,31.260995,-81.49831999999998,Medina County,26050,29803
11,30263,Newnan,GA,33.38779,-84.82536,Coweta County,27424,58705
12,30384,Atlanta,GA,33.844371,-84.47405,Fulton County,,
13,30728,La Fayette,GA,34.696201,-85.25824,Chambers County,21067,20609
14,31714,Ashburn,GA,31.709742,-83.66519,Loudoun County,22190,5866
15,30747,Summerville,GA,34.489847999999995,-85.32928000000003,Dorchester County,22099,15438
16,31754,Georgetown,GA,31.860476,-85.07534,,,
17,30339,Atlanta,GA,33.87507,-84.46615,Fulton County,51086,23373
18,30354,Atlanta,GA,33.65883400000001,-84.39681999999998,Fulton County,22763,16398
19,31069,Perry,GA,32.460791,-83.73541,Noble County,25963,20167
20,30663,Rutledge,GA,33.614556,-83.61157,Delaware County,20060,3052
21,30145,Kingston,GA,34.237986,-84.97801,Caldwell County,29190,7142
22,30671,Maxeys,GA,33.748344,-83.18538000000002,Oklahoma County,,
23,31719,Americus,GA,32.085491,-84.25266500000002,Sumter County,18426,9145
24,31744,Doerun,GA,31.325004,-83.90937,Colquitt County,25365,2791
25,30364,Atlanta,GA,33.844371,-84.47405,Fulton County,,
26,30552,Lakemont,GA,34.763553,-83.44201,Delaware County,25919,1805
27,31758,Thomasville,GA,30.868187,-83.927785,Thomas County,,
28,30111,Clarkdale,GA,33.912473,-84.557181,Yavapai County,,
29,31071,Pineview,GA,32.13702,-83.52604000000002,Forrest County,20574,1200
30,30567,Pendergrass,GA,34.167309,-83.68536,Jackson County,29817,3188
31,30370,Atlanta,GA,33.844371,-84.47405,Fulton County,,
32,30919,Augusta,GA,33.386041,-82.09099599999998,Richmond County,,
33,30450,Portal,GA,32.55565900000001,-81.9242,Alameda County,15615,2192
34,30014,Covington,GA,33.581406,-83.851,Kenton County,24106,38445
35,31822,Pine Mountain,GA,32.867211,-84.88436999999998,Cobb County,26832,5929
36,31906,Columbus,GA,32.468442,-84.95128000000003,Franklin County,20587,20742
37,31816,Manchester,GA,32.862377,-84.60879,Greater Manchester,19761,5231
38,30335,Atlanta,GA,33.752406,-84.389676,Fulton County,,
39,30148,Marble Hill,GA,34.452988,-84.25925,New York County,-666666666,861
40,30187,Winston,GA,33.670405,-84.83809000000002,Cleveland County,35529,7918
41,30303,Atlanta,GA,33.752856,-84.39013,Fulton County,8515,6719
42,31066,Musella,GA,32.799959,-84.00588,Crawford County,26875,1492
43,30082,Smyrna,GA,33.859137,-84.53744,Cobb County,38053,29011
44,31635,Lakeland,GA,31.055578000000004,-83.07103000000002,Polk County,20662,6602
45,30234,Jenkinsburg,GA,33.325951,-84.03345999999998,Butts County,25606,2060
46,31798,Wray,GA,31.621764,-83.05502,Yuma County,23705,843
47,30750,Lookout Mountain,GA,34.957134,-85.37183,Walker County,15104,4753
48,31765,Meigs,GA,31.082141,-84.05767,Cherokee County,18770,2774
49,31139,Atlanta,GA,33.844371,-84.47405,Fulton County,,
50,31044,Jeffersonville,GA,32.63078400000001,-83.37026999999998,Clark County,19853,3463
51,30633,Danielsville,GA,34.17085,-83.24654,Madison County,26681,9227
52,31208,Macon,GA,32.806707,-83.691315,Bibb County,,
53,31551,Mershon,GA,31.496025,-82.27322,Clark County,17451,963
54,30710,Cohutta,GA,34.935105,-84.94641999999997,Whitfield County,31602,7154
55,30277,Sharpsburg,GA,33.387534,-84.65511,Washington County,39430,22247
56,31032,Gray,GA,33.003454999999995,-83.55078,Jones County,31832,15113
57,30114,Canton,GA,34.228478,-84.50402,Stark County,32216,53210
58,31316,Ludowici,GA,31.74991,-81.75813000000002,Perry County,26653,13243
59,31534,Douglas,GA,31.571596000000003,-82.85463100000003,Douglas County,,
60,31131,Atlanta,GA,33.844371,-84.47405,Fulton County,,
61,30312,Atlanta,GA,33.745739,-84.3764,Fulton County,36413,22275
62,30141,Hiram,GA,33.867574,-84.77103000000002,Paulding County,31176,23326
63,30814,Harlem,GA,33.423590000000004,-82.31013,New York County,24462,8538
64,31057,Marshallville,GA,32.446656,-83.93413000000002,Wayne County,19246,2238
65,31795,Ty Ty,GA,31.47387,-83.66484,Tift County,20161,1781
66,30458,Statesboro,GA,32.423083,-81.80677,Bulloch County,16647,43597
67,31299,Macon,GA,32.806707,-83.691315,Bibb County,,
68,31498,Savannah,GA,31.971394,-81.07155999999998,Chatham County,,
69,31555,Odum,GA,31.670475,-82.04944,Oklahoma County,22345,2793
70,31700,Albany,GA,31.564274,-84.165407,Albany County,,
71,31072,Pitts,GA,31.951839,-83.56747,Montgomery County,23417,1357
72,30439,Metter,GA,32.414401,-82.05534,Candler County,18192,10823
73,31836,Woodland,GA,32.797475,-84.54095,Yolo County,23859,849
74,30448,Nunez,GA,32.49126,-82.36787,St. Bernard Parish,41250,76
75,30833,Wrens,GA,33.200325,-82.37625,Jefferson County,18634,3065
76,31020,Dry Branch,GA,32.719907,-83.4905,Twiggs County,18750,1688
77,30139,Fairmount,GA,34.434629,-84.70133,Sedgwick County,28901,4143
78,31318,Meldrim,GA,32.141974,-81.37892,Effingham County,30022,432
79,30453,Reidsville,GA,32.057356,-82.1214,Rockingham County,14460,10775
80,31740,Cuthbert,GA,31.781815,-84.76444000000002,Randolph County,,
81,30072,Pine Lake,GA,33.791505,-84.20642,DeKalb County,40599,727
82,30527,Clermont,GA,34.481514000000004,-83.78599,Lake County,26373,4377
83,31310,Hinesville,GA,31.806832,-81.437074,Liberty County,,
84,31510,Alma,GA,31.551458,-82.44618,Crawford County,20124,9914
85,31017,Danville,GA,32.600844,-83.24549,Contra Costa County,20712,1913
86,31213,Macon,GA,32.839289,-83.638752,Bibb County,-666666666,0
87,31636,Lake Park,GA,30.722890000000003,-83.13302,San Luis Obispo County,22008,10640
88,30058,Lithonia,GA,33.750257,-84.0964,DeKalb County,27221,57658
89,30669,Union Point,GA,33.652489,-83.08856999999998,Tulsa County,18477,3429
90,30157,Dallas,GA,33.892503999999995,-84.8346,Dallas County,32003,49342
91,30881,Atlanta,GA,33.793006,-84.504081,Fulton County,,
92,30322,Atlanta,GA,33.793754,-84.3238,Fulton County,2499,2847
93,30426,Girard,GA,33.032445,-81.63251,Crawford County,20893,782
94,30739,Rock Spring,GA,34.801988,-85.21956,Walker County,29036,6460
95,31013,Clinchfield,GA,32.338639,-83.692562,Unicoi County,,
96,30806,Boneville,GA,33.527993,-82.5104,McDuffie County,,
97,31557,Patterson,GA,31.372403,-82.10743000000002,Tulsa County,25316,3229
98,30470,Tarrytown,GA,32.309128,-82.52255,Westchester County,27708,338
99,31535,Douglas,GA,31.464973,-82.86325,Douglas County,23922,11865
100,31751,Fort Gaines,GA,31.631333,-85.03241,Clay County,,
101,31770,Newton,GA,31.33349,-84.36269,Harvey County,,
102,30006,Marietta,GA,33.912473,-84.557181,Cobb County,,
103,30019,Dacula,GA,33.981721,-83.88302,Gwinnett County,38465,49262
104,31008,Byron,GA,32.652313,-83.75918,Cook County,31807,18381
105,31034,Hardwick,GA,33.040103,-83.2182,Caledonia County,,
106,30129,Coosa,GA,34.333308,-85.233721,,,
107,30678,White Plains,GA,33.46171,-83.05852,Westchester County,21266,1242
108,30121,Cartersville,GA,34.200264000000004,-84.77533000000003,Bartow County,29138,23373
109,30316,Atlanta,GA,33.729506,-84.34087,Fulton County,32694,33172
110,30380,Atlanta,GA,33.844371,-84.47405,Fulton County,,
111,31634,Homerville,GA,31.062818,-82.72399,Clinch County,20275,5622
112,30573,Tallulah Falls,GA,34.742007,-83.397716,Habersham County,49114,219
113,30069,Marietta,GA,33.912473,-84.557181,Cobb County,,
114,30464,Stillmore,GA,32.439708,-82.22278,Emanuel County,16429,83
115,30290,Tyrone,GA,33.48012,-84.58724000000002,Fayette County,40398,8677
116,30537,Dillard,GA,34.977198,-83.35161,Benton County,21918,1534
117,31779,Pelham,GA,31.117271,-84.15678,Westchester County,22604,9998
118,31050,Knoxville,GA,32.742085,-83.94646,Knox County,14004,861
119,31742,Dawson,GA,31.756995,-84.43356999999997,Lac qui Parle County,,
120,31045,Jewell,GA,33.285774,-82.7749,Douglas County,-666666666,49
121,30634,Dewy Rose,GA,34.212836,-82.94112,Elbert County,19906,1802
122,31563,Surrency,GA,31.715778000000004,-82.19784,Appling County,23250,1296
123,30005,Alpharetta,GA,34.080034999999995,-84.21929,Fulton County,60757,40056
124,30056,Newborn,GA,33.500008,-83.67165,Tulsa County,29643,2217
125,30294,Ellenwood,GA,33.639658000000004,-84.26822,Clayton County,31439,41782
126,31405,Savannah,GA,32.043058,-81.12183,Chatham County,26627,37497
127,31598,Jesup,GA,31.578181,-81.880222,Wayne County,,
128,31025,Elko,GA,32.335147,-83.74571,Elko County,51757,866
129,31832,Weston,GA,31.973541,-84.62522,Broward County,17973,274
130,31901,Columbus,GA,32.471492,-84.98005,Franklin County,15057,6336
131,30545,Helen,GA,34.713441,-83.74189,White County,28750,698
132,30062,Marietta,GA,33.99605,-84.47464000000002,Cobb County,43881,66053
133,30519,Buford,GA,34.089419,-83.94700999999998,Gwinnett County,34672,46415
134,31520,Brunswick,GA,31.166786,-81.49213,Medina County,18048,23474
135,30379,Atlanta,GA,33.844371,-84.47405,Fulton County,,
136,30809,Evans,GA,33.551145,-82.13949000000002,Washington County,41069,45542
137,30457,Soperton,GA,32.387040999999996,-82.58272,Treutlen County,21206,5885
138,31030,Fort Valley,GA,32.555679999999995,-83.88641,Peach County,18661,17701
139,31049,Kite,GA,32.69992,-82.51380999999998,Sedgwick County,23488,1856
140,30269,Peachtree City,GA,33.398992,-84.57061999999998,Fayette County,47760,35904
141,30214,Fayetteville,GA,33.47875,-84.47668,Cumberland County,34075,29617
142,30732,Oakman,GA,34.569015,-84.711863,Walker County,,
143,30904,Augusta,GA,33.474136,-82.01018,Richmond County,21789,25784
144,31061,Milledgeville,GA,33.083579,-83.23397,Baldwin County,21715,43762
145,30228,Hampton,GA,33.401827000000004,-84.30152,,29129,42259
146,30807,Camak,GA,33.453039000000004,-82.64828,Warren County,32708,70
147,31787,Smithville,GA,31.901066,-84.25036999999998,Clay County,21579,1566
148,30259,Moreland,GA,33.277468,-84.75388000000002,Santa Clara County,31997,2886
149,30296,Riverdale,GA,33.564711,-84.43987,Sumner County,25988,28671
150,30514,Blairsville,GA,34.903398,-84.01915699999998,Union County,,
151,30815,Hephzibah,GA,33.32157,-82.08872,Richmond County,25155,40347
152,31560,Screven,GA,31.515981,-82.04908,Screven County,23512,2853
153,30172,Shannon,GA,34.333308,-85.233721,Tulsa County,,
154,30520,Canon,GA,34.338008,-83.09656,Los Angeles County,18854,5179
155,31096,Wrightsville,GA,32.71732,-82.68926,New Hanover County,20232,7046
156,30513,Blue Ridge,GA,34.851171,-84.32905,Fannin County,26086,11753
157,30034,Decatur,GA,33.693448,-84.24743000000002,DeKalb County,26893,46214
158,30756,Varnell,GA,34.9298,-84.988536,Whitfield County,18846,138
159,31516,Blackshear,GA,31.307234,-82.25779,Tom Green County,21948,14541
160,31808,Fortson,GA,32.638884999999995,-85.00735999999998,McLennan County,41761,6961
161,30124,Cave Spring,GA,34.118206,-85.34000999999998,Floyd County,27203,2896
162,30144,Kennesaw,GA,34.038949,-84.59706,Cobb County,32188,55820
163,30341,Atlanta,GA,33.888102,-84.29321,Fulton County,35314,32341
164,30504,Gainesville,GA,34.274355,-83.87003,Alachua County,24115,26966
165,30742,Fort Oglethorpe,GA,34.948979,-85.25211999999998,Catoosa County,24406,7842
166,30327,Atlanta,GA,33.86427,-84.41972,Fulton County,74521,22655
167,31031,Gordon,GA,32.891499,-83.32748000000002,Butler County,23844,6213
168,31556,Offerman,GA,31.412649,-82.11554100000002,Pierce County,18958,88
169,31641,Naylor,GA,30.934298,-83.08841,Burnet County,25788,1966
170,30024,Suwanee,GA,34.052698,-84.07485,Gwinnett County,44131,77334
171,30220,Grantville,GA,33.230734000000005,-84.82543000000003,San Diego County,26820,5375
172,31070,Pinehurst,GA,32.185677,-83.76348,Moore County,29792,985
173,31772,Oakfield,GA,31.723178000000004,-83.9628,Fond du Lac County,20446,536
174,30321,Atlanta,GA,33.844371,-84.47405,Fulton County,,
175,31009,Cadwell,GA,32.309003000000004,-83.02646999999997,Benton County,16112,1317
176,31424,Richmond Hill,GA,31.919866,-81.325815,Bryan County,,
177,31141,Atlanta,GA,33.891251000000004,-84.07455999999998,Fulton County,,
178,30288,Conley,GA,33.647275,-84.32753000000002,Clayton County,27808,9230
179,30447,Norristown,GA,32.505913,-82.49502,Montgomery County,,
180,31052,Lizella,GA,32.788484000000004,-83.80726,Bibb County,31168,8557
181,31565,Waverly,GA,31.066479,-81.62656,Bremer County,28592,2008
182,30077,Roswell,GA,33.844371,-84.47405,Chaves County,,
183,31805,Cusseta,GA,32.285535,-84.76332,Chattahoochee County,21033,2431
184,30071,Norcross,GA,33.940768,-84.2062,Gwinnett County,27095,25218
185,30731,Menlo,GA,34.553484999999995,-85.47893,Montgomery County,25386,2221
186,31648,Statenville,GA,30.703175,-83.02568000000002,Echols County,26356,912
187,30572,Suches,GA,34.731084,-84.07943,Union County,21199,796
188,31046,Juliette,GA,33.054590999999995,-83.78583,Kings County,24131,3198
189,30216,Flovilla,GA,33.251174,-83.89284,Butts County,15399,2376
190,31762,Leary,GA,31.454628000000003,-84.51726,Bowie County,,
191,30163,Rome,GA,34.333308,-85.233721,Metropolitan City of Rome,,
192,31550,Manor,GA,31.101953,-82.58299,Travis County,20547,801
193,31107,Atlanta,GA,33.844371,-84.47405,Fulton County,,
194,30562,Mountain City,GA,34.917466,-83.38486999999998,Johnson County,16843,1386
195,31027,Dublin,GA,32.569122,-82.80959,,21261,8966
196,31011,Chauncey,GA,32.108676,-83.06006,Lawrence County,23958,694
197,30012,Conyers,GA,33.696714,-84.01732,Rockdale County,24007,27605
198,31216,Macon,GA,32.730641,-83.6793,Bibb County,30960,17246
199,31726,Bronwood,GA,31.832214,-84.35727,Terrell County,,
200,31993,Columbus,GA,32.482142,-84.977131,Franklin County,,
201,30703,Calhoun,GA,34.479066,-84.76216099999998,Gordon County,,
202,30063,Marietta,GA,33.965294,-84.511209,Cobb County,,
203,30119,Carrollton,GA,33.618931,-85.073582,Dallas County,,
204,30308,Atlanta,GA,33.771755,-84.38065,Fulton County,48934,18099
205,31003,Allentown,GA,32.600621999999994,-83.22095999999998,Lehigh County,19375,88
206,30348,Atlanta,GA,33.844371,-84.47405,Fulton County,,
207,31406,Savannah,GA,31.988676,-81.09116,Chatham County,27532,35457
208,30411,Alamo,GA,32.146031,-82.792,Tulsa County,28321,4766
209,30803,Avera,GA,33.163467,-82.52017,Lincoln County,24306,965
210,31553,Nahunta,GA,31.17326,-81.97244,Wayne County,16798,4369
211,31075,Rentz,GA,32.370333,-82.96091,Pasco County,20211,2677
212,31298,Macon,GA,32.87333,-83.708399,Bibb County,,
213,31420,Savannah,GA,31.971394,-81.07155999999998,Chatham County,,
214,31637,Lenox,GA,31.291612,-83.45328,Fulton County,22323,2891
215,30374,Atlanta,GA,33.844371,-84.47405,Fulton County,,
216,30528,Cleveland,GA,34.595859000000004,-83.76194,Cuyahoga County,25071,24761
217,31801,Box Springs,GA,32.527813,-84.59822,Rogers County,22345,3240
218,31785,Sasser,GA,31.689973,-84.32748000000002,Terrell County,,
219,30098,Duluth,GA,33.960353000000005,-84.037859,St. Louis County,,
220,31217,Macon,GA,32.839005,-83.56749,Bibb County,18413,16735
221,31418,Savannah,GA,31.971394,-81.07155999999998,Chatham County,,
222,30015,Covington,GA,33.555791,-83.864915,Kenton County,,
223,30076,Roswell,GA,34.032532,-84.31774,Chaves County,34969,46442
224,31302,Bloomingdale,GA,32.129474,-81.33121,Allen County,27154,8139
225,30911,Augusta,GA,33.386041,-82.09099599999998,Richmond County,,
226,31645,Ray City,GA,31.070627,-83.20286,Berrien County,24453,5053
227,30608,Athens,GA,33.944339,-83.38908,,,
228,30812,Gracewood,GA,33.386041,-82.09099599999998,Tulsa County,16385,394
229,30606,Athens,GA,33.945619,-83.41731999999998,,25370,43716
230,31401,Savannah,GA,32.068658,-81.09258,Chatham County,18649,20256
231,30378,Atlanta,GA,33.844371,-84.47405,Fulton County,,
232,30256,Meansville,GA,33.015476,-84.32186999999998,Pike County,28670,2589
233,31411,Savannah,GA,31.927434,-81.0425,Chatham County,47151,8875
234,30906,Augusta,GA,33.387089,-82.01236999999998,Richmond County,19063,58114
235,31314,Fort Stewart,GA,31.868699,-81.61083,Liberty County,24371,1635
236,31212,Macon,GA,32.806707,-83.691315,Bibb County,,
237,31319,Meridian,GA,31.478486,-81.34528,Ada County,,
238,30358,Atlanta,GA,33.998151,-84.34111999999998,Fulton County,,
239,31337,Lenox,GA,31.271852000000006,-83.45905400000002,Fulton County,,
240,30445,Mount Vernon,GA,32.186824,-82.59170999999998,Fairfax County,14563,3929
241,30043,Lawrenceville,GA,34.001159,-84.01487,Gwinnett County,33112,90675
242,30041,Cumming,GA,34.201503,-84.09764,Forsyth County,45749,66531
243,31209,Macon,GA,32.806707,-83.691315,Bibb County,,
244,30413,Bartow,GA,32.884137,-82.50969,Polk County,19507,1805
245,31308,Ellabell,GA,32.172661,-81.48447,Bryan County,26737,7114
246,30401,Swainsboro,GA,32.605196,-82.3391,Emanuel County,20101,13598
247,30650,Madison,GA,33.588436,-83.47936,Dane County,28750,12063
248,30410,Ailey,GA,32.196136,-82.50985,New York County,26628,1715
249,30529,Commerce,GA,34.210423,-83.46842,Jackson County,25553,11435
250,31767,Morris,GA,31.834324,-84.94739,Grundy County,,
251,31823,Pine Mountain Valley,GA,32.801174,-84.82038,Harris County,25568,797
252,30390,Atlanta,GA,33.844371,-84.47405,Fulton County,,
253,30075,Roswell,GA,34.049789000000004,-84.38539,Chaves County,50257,53328
254,30080,Smyrna,GA,33.87578,-84.50381999999998,Cobb County,41132,55361
255,31083,Scotland,GA,32.046427,-82.81923,,22371,411
256,30042,Lawrenceville,GA,33.929464,-84.103226,Gwinnett County,,
257,30343,Atlanta,GA,33.844371,-84.47405,Fulton County,,
258,30810,Gibson,GA,33.236721,-82.58135,Montgomery County,23345,1906
259,30558,Maysville,GA,34.258054,-83.56058,Mason County,20858,5998
260,30738,Rising Fawn,GA,34.793833,-85.49945,Dade County,23759,3766
261,30741,Rossville,GA,34.96311,-85.27405,Clinton County,21496,28535
262,31297,Macon,GA,32.700450000000004,-83.657207,Bibb County,,
263,31626,Boston,GA,30.782963,-83.78882,Suffolk County,23785,3211
264,30060,Marietta,GA,33.932052,-84.54746,Cobb County,23485,40705
265,30309,Atlanta,GA,33.794055,-84.38525,Fulton County,63093,24744
266,31533,Douglas,GA,31.522042,-82.84153,Douglas County,19452,16499
267,30140,Felton,GA,33.88232,-85.234946,Santa Cruz County,,
268,30559,Mineral Bluff,GA,34.949755,-84.28317,Fannin County,20721,4701
269,31905,Fort Benning,GA,32.373490000000004,-84.90612,,21263,18110
270,30217,Franklin,GA,33.298014,-85.12243000000002,Crawford County,25124,9144
271,30910,Augusta,GA,33.386041,-82.09099599999998,Richmond County,,
272,30818,Matthews,GA,33.244829,-82.32636,Mecklenburg County,26968,622
273,31513,Baxley,GA,31.768849,-82.35198000000003,Appling County,20967,16247
274,30499,Reidsville,GA,32.050694,-81.998348,Rockingham County,,
275,31315,Fort Stewart,GA,31.886944,-81.60109,Liberty County,29633,7640
276,30599,Commerce,GA,34.130594,-83.587419,Jackson County,,
277,31042,Irwinton,GA,32.7615,-83.1612,Wilkinson County,22485,1477
278,30629,Comer,GA,34.072573,-83.11913,Madison County,22107,4735
279,31521,Brunswick,GA,31.241505,-81.532489,Medina County,,
280,30103,Adairsville,GA,34.368647,-84.92452,Bartow County,24570,16138
281,31776,Moultrie,GA,31.172696,-83.792379,Colquitt County,,
282,30330,Atlanta,GA,33.707107,-84.43212700000002,Fulton County,,
283,31328,Tybee Island,GA,32.006671999999995,-80.84937,Chatham County,42413,3583
284,31221,Macon,GA,32.806707,-83.691315,Bibb County,,
285,30656,Monroe,GA,33.857423,-83.71899,Ouachita Parish,29531,16129
286,31502,Waycross,GA,31.018954,-82.416543,Ware County,,
287,31698,Valdosta,GA,30.84848,-83.28775300000002,Lowndes County,2953,731
288,30548,Hoschton,GA,34.097915,-83.77864,Jackson County,36589,18630
289,31825,Richland,GA,32.109225,-84.66063,Dallas County,22500,2358
290,30236,Jonesboro,GA,33.528345,-84.33346999999998,Craighead County,26840,49694
291,30521,Carnesville,GA,34.360544,-83.28544000000002,Franklin County,25852,5042
292,31324,Richmond Hill,GA,31.906365,-81.3108,Bryan County,37143,25643
293,30132,Dallas,GA,33.945735,-84.84463000000002,Dallas County,32586,40441
294,30110,Bremen,GA,33.723939,-85.14282,,26211,13190
295,30222,Greenville,GA,33.034761,-84.73593000000002,Greenville County,20864,4116
296,31602,Valdosta,GA,30.866613,-83.30078,Lowndes County,23400,36304
297,31207,Macon,GA,32.830389000000004,-83.648552,Bibb County,2499,1107
298,31815,Lumpkin,GA,32.030297,-84.81218,Stewart County,15625,3677
299,30917,Augusta,GA,33.527678,-82.23554200000002,Richmond County,,
300,31639,Nashville,GA,31.199,-83.2188,Davidson County,21910,10237
301,31403,Savannah,GA,31.971394,-81.07155999999998,Chatham County,,
302,31307,Eden,GA,32.183211,-81.39979,Washington County,18750,908
303,30429,Hagan,GA,32.159458,-81.93724,Evans County,19018,210
304,31205,Macon,GA,32.806707,-83.691315,Bibb County,,
305,30164,Rome,GA,34.333308,-85.233721,Metropolitan City of Rome,-666666666,0
306,30287,Morrow,GA,33.500696999999995,-84.35127299999998,Clayton County,,
307,30044,Lawrenceville,GA,33.91967,-84.07481999999997,Gwinnett County,29646,88040
308,30274,Riverdale,GA,33.555145,-84.40108000000002,Sumner County,23915,35347
309,31084,Seville,GA,31.989039,-83.394574,Seville,14453,43
310,30275,Sargent,GA,33.431181,-84.86733000000002,Texas County,-666666666,0
311,30052,Loganville,GA,33.823809000000004,-83.89423000000002,Walton County,31550,65959
312,30635,Elberton,GA,34.119972,-82.825,Elbert County,21478,14964
313,30102,Acworth,GA,34.097998,-84.6183,Cobb County,29123,41642
314,31629,Dixie,GA,30.802821,-83.69126,Washington County,39050,732
315,31515,Baxley,GA,31.717717,-82.299677,Appling County,,
316,31806,Ellaville,GA,32.246795,-84.32008,Schley County,27406,5180
317,30271,Newnan,GA,33.351401,-84.756109,Coweta County,,
318,30253,Mcdonough,GA,33.455031,-84.17215,Henry County,32042,55176
319,30613,Athens,GA,33.962364,-83.39828,,,
320,31210,Macon,GA,32.88899,-83.72204,Bibb County,35734,34305
321,30542,Flowery Branch,GA,34.188281,-83.91813,Hall County,33127,37056
322,31092,Vienna,GA,32.091578000000005,-83.79311,,18784,7133
323,30460,Statesboro,GA,32.41795,-81.78233,Bulloch County,3125,2079
324,31296,Macon,GA,32.806707,-83.691315,Bibb County,,
325,31193,Atlanta,GA,33.844371,-84.47405,Fulton County,,
326,31709,Americus,GA,32.071641,-84.21942,Sumter County,24418,15659
327,30048,Lilburn,GA,33.960353000000005,-84.037859,Gwinnett County,,
328,30074,Redan,GA,33.891251000000004,-84.07455999999998,DeKalb County,,
329,31512,Ambrose,GA,31.57344,-83.01501999999998,Baltimore County,21716,2131
330,30162,Rome,GA,34.290508,-85.213817,Metropolitan City of Rome,,
331,30188,Woodstock,GA,34.108027,-84.4843,Ulster County,38267,63171
332,30265,Newnan,GA,33.400875,-84.71206,Coweta County,40893,34690
333,30603,Athens,GA,33.947587,-83.408897,,,
334,30022,Alpharetta,GA,34.026238,-84.24506,Fulton County,48226,68807
335,31739,Cotton,GA,31.260443,-84.253089,Washington County,,
336,30399,Atlanta,GA,33.844371,-84.47405,Fulton County,,
337,31718,Bainbridge,GA,30.901863,-84.570049,Decatur County,,
338,30149,Mount Berry,GA,34.280355,-85.182085,Floyd County,3561,1935
339,30108,Bowdon,GA,33.533934,-85.26088,Carroll County,21243,7351
340,31206,Macon,GA,32.799040000000005,-83.67215999999998,Bibb County,16109,26526
341,30625,Buckhead,GA,33.527207000000004,-83.34676,Fulton County,26886,2140
342,31630,Du Pont,GA,30.96373,-82.86455,Johnson County,19868,560
343,30117,Carrollton,GA,33.588486,-85.1062,Dallas County,21845,35575
344,30736,Ringgold,GA,34.916552,-85.14435,Catoosa County,29406,43149
345,31699,Valdosta,GA,30.965263,-83.19315999999998,Lowndes County,25609,684
346,30178,Taylorsville,GA,34.113826,-84.97274,Salt Lake County,24628,2971
347,30564,Murrayville,GA,34.466226,-83.88441999999998,New Hanover County,25034,3414
348,31723,Blakely,GA,31.334337,-84.94899000000002,Early County,,
349,30667,Stephens,GA,33.784316,-83.16666,Boone County,25027,954
350,31539,Hazlehurst,GA,31.844772,-82.59809,Jeff Davis County,21532,14645
351,30631,Crawfordville,GA,33.570317,-82.88542,Wakulla County,19830,1647
352,30721,Dalton,GA,34.780699,-84.93994,Whitfield County,22617,53461
353,30338,Atlanta,GA,33.942751,-84.31769,Fulton County,58111,35435
354,31527,Jekyll Island,GA,31.064190000000004,-81.42071999999997,Glynn County,-666666666,568
355,31607,Valdosta,GA,30.831442,-83.318647,Lowndes County,,
356,30184,White,GA,34.236128,-84.72539,Montgomery County,27879,6612
357,31326,Rincon,GA,32.293147,-81.23006,,34103,20230
358,30009,Alpharetta,GA,33.844371,-84.47405,Fulton County,47177,16097
359,30281,Stockbridge,GA,33.547578,-84.21809,Henry County,31020,67533
360,30811,Gough,GA,33.050487,-81.929165,,,
361,31544,Jacksonville,GA,31.840974,-82.96137,Duval County,20139,778
362,30813,Grovetown,GA,33.459489000000005,-82.20102,Columbia County,33210,44065
363,31625,Barney,GA,31.003274,-83.5282,Sedgwick County,19658,972
364,30008,Marietta,GA,33.907336,-84.5788,Cobb County,25818,31982
365,30560,Morganton,GA,34.887912,-84.2098,Burke County,22082,4759
366,30115,Canton,GA,34.194029,-84.43884,Stark County,37370,41105
367,31060,Milan,GA,32.003035,-83.06336999999998,Metropolitan City of Milan,21939,1866
368,30503,Gainesville,GA,34.345432,-83.950541,Alachua County,,
369,30317,Atlanta,GA,33.750005,-84.31854,Fulton County,40014,13737
370,30356,Atlanta,GA,33.891251000000004,-84.07455999999998,Fulton County,,
371,30047,Lilburn,GA,33.872371,-84.11655,Gwinnett County,31381,65420
372,30543,Gillsville,GA,34.29945900000001,-83.65226,Banks County,24277,4853
373,31799,Thomasville,GA,30.880968,-83.885902,Thomas County,,
374,31106,Atlanta,GA,33.844371,-84.47405,Fulton County,,
375,30662,Royston,GA,34.270167,-83.12841999999998,Franklin County,19505,9077
376,30035,Decatur,GA,33.725739000000004,-84.21114,DeKalb County,25570,22697
377,30456,Sardis,GA,32.969028,-81.79396,Montgomery County,20675,1936
378,31773,Ochlocknee,GA,30.977162,-84.0615,Thomas County,24837,3547
379,30525,Clayton,GA,34.882362,-83.4156,Johnston County,19946,7305
380,30802,Appling,GA,33.620669,-82.30514000000002,Shelby County,23555,6147
381,31797,Whigham,GA,30.888809,-84.32976,Essex County,,
382,30816,Keysville,GA,33.162490000000005,-82.18933,Charlotte County,26652,2024
383,31054,McIntyre,GA,32.875574,-83.19785,Regional Municipality of Durham,24091,1543
384,31777,Parrott,GA,31.905462,-84.51526,Terrell County,,
385,31820,Midland,GA,32.566196999999995,-84.84121999999998,Midland County,45584,10815
386,30377,Atlanta,GA,33.844371,-84.47405,Fulton County,,
387,30824,Thomson,GA,33.490536,-82.5028,Labette County,21449,17025
388,31717,Bainbridge,GA,30.884525,-84.58951,Decatur County,,
389,30040,Cumming,GA,34.235408,-84.17441,Forsyth County,41686,70510
390,30414,Bellville,GA,32.154990000000005,-81.97825999999998,Austin County,,
391,30641,Good Hope,GA,33.766057,-83.57597,Harris County,30071,1957
392,30628,Colbert,GA,34.041416,-83.21996999999998,Bryan County,26875,6874
393,30298,Forest Park,GA,33.500696999999995,-84.35127299999998,,,
394,31603,Valdosta,GA,30.827965000000006,-83.25219200000002,Lowndes County,,
395,31769,Mystic,GA,31.620866,-83.24975400000002,New London County,,
396,31305,Darien,GA,31.407598,-81.39094,Fairfield County,23883,5983
397,30125,Cedartown,GA,34.010162,-85.25761999999997,Polk County,23343,23814
398,31649,Stockton,GA,30.957421000000004,-83.00524,San Joaquin County,32178,1096
399,31771,Norman Park,GA,31.256287,-83.66005,Colquitt County,20124,6204
400,31749,Enigma,GA,31.439212,-83.34040999999998,Tulsa County,22908,2649
401,30604,Athens,GA,33.944339,-83.38908,,,
402,30905,Augusta,GA,33.417282,-82.14435,Richmond County,22314,7991
403,31907,Columbus,GA,32.479492,-84.90942,Franklin County,21846,56663
404,30176,Tallapoosa,GA,33.748838,-85.29304,Haralson County,25903,6594
405,30512,Blairsville,GA,34.875556,-84.00419000000002,Union County,24412,21080
406,31088,Warner Robins,GA,32.594698,-83.64873,Houston County,32899,54742
407,30065,Marietta,GA,33.912473,-84.557181,Cobb County,,
408,30454,Rockledge,GA,32.432854,-82.72979000000002,Brevard County,18226,680
409,30819,Mesena,GA,33.432384000000006,-82.625213,Warren County,,
410,31021,Dublin,GA,32.526359,-82.93375,,21672,28391
411,31010,Cordele,GA,31.917178000000003,-83.785365,Crisp County,,
412,31089,Tennille,GA,32.89115,-82.82775,Washington County,21113,4695
413,30475,Vidalia,GA,32.177513,-82.373889,Toombs County,-666666666,0
414,30752,Trenton,GA,34.895625,-85.52702,Mercer County,25761,8463
415,30549,Jefferson,GA,34.112581,-83.58251,Montgomery County,30514,24892
416,31627,Cecil,GA,31.047996,-83.39135,Tulsa County,20703,247
417,30302,Atlanta,GA,33.844371,-84.47405,Fulton County,,
418,31014,Cochran,GA,32.397039,-83.3404,Dallas County,22125,13265
419,31542,Hoboken,GA,31.1747,-82.13812,Hudson County,22297,3170
420,30725,Flintstone,GA,34.932348,-85.35064,Walker County,21244,4646
421,31051,Lilly,GA,32.148624,-83.88003,Marion County,18750,140
422,31079,Rochelle,GA,31.933079,-83.45721999999998,Ogle County,24764,2161
423,31532,Denton,GA,31.718382,-82.73595,Denton County,19412,650
424,30161,Rome,GA,34.253343,-85.15312,Metropolitan City of Rome,23357,34286
425,30337,Atlanta,GA,33.646984,-84.4538,Fulton County,22014,13768
426,31407,Savannah,GA,32.162963,-81.17233,Chatham County,42893,12808
427,30260,Morrow,GA,33.58776,-84.33010999999998,Clayton County,22111,25487
428,30367,Atlanta,GA,33.789255,-84.387276,Fulton County,,
429,30424,Dover,GA,32.767634,-81.629062,Kent,,
430,31725,Brinson,GA,30.945016,-84.72284,Navarro County,,
431,30602,Athens,GA,33.948432000000004,-83.3749,,2499,2824
432,30212,Experiment,GA,33.278205,-84.288803,San Francisco County,,
433,30122,Lithia Springs,GA,33.776137,-84.64484,Douglas County,29476,25786
434,30353,Atlanta,GA,33.844371,-84.47405,Fulton County,,
435,30581,Wiley,GA,34.797611,-83.42329000000002,Hudson County,-666666666,33
436,31404,Savannah,GA,32.046143,-81.06724,Chatham County,20236,32876
437,31827,Talbotton,GA,32.683146,-84.52243,Talbot County,19152,2174
438,31546,Jesup,GA,31.575166,-81.86480999999998,Wayne County,20293,8103
439,30563,Mount Airy,GA,34.549681,-83.47201,Surry County,25963,5955
440,30660,Rayle,GA,33.775127000000005,-82.94624,Wilkes County,15085,1204
441,31756,Hartsfield,GA,31.177174,-83.96555,,32902,791
442,30582,Young Harris,GA,34.954638,-83.86484,Towns County,15867,5038
443,31554,Nicholls,GA,31.495983000000006,-82.62928000000002,Lafourche Parish,22315,8611
444,30726,Graysville,GA,34.975939000000004,-85.1416,Jefferson County,-666666666,0
445,31561,Sea Island,GA,31.198914,-81.332211,Glynn County,-666666666,39
446,30154,Douglasville,GA,33.68966,-84.74459499999998,Douglas County,,
447,30307,Atlanta,GA,33.768205,-84.33785999999998,Fulton County,57876,19652
448,30565,Nicholson,GA,34.094345000000004,-83.41617,Jackson County,26805,4424
449,30185,Whitesburg,GA,33.517698,-84.91725,Letcher County,22486,4160
450,30219,Glenn,GA,33.157214,-85.170588,Glenn County,,
451,30039,Snellville,GA,33.822204,-84.03707,Gwinnett County,32063,46126
452,31753,Funston,GA,31.205365000000004,-83.877554,San Francisco County,,
453,30597,Dahlonega,GA,34.527671000000005,-83.980879,Lumpkin County,,
454,31902,Columbus,GA,32.524252000000004,-84.955843,Franklin County,,
455,31501,Waycross,GA,31.220059000000006,-82.35133,Ware County,21893,14963
456,30566,Oakwood,GA,34.236556,-83.89115,Tarrant County,27851,7736
457,31295,Macon,GA,32.810189,-83.569001,Bibb County,,
458,31705,Albany,GA,31.552483,-84.09678000000002,Albany County,16814,32477
459,30533,Dahlonega,GA,34.542098,-83.99718,Lumpkin County,22180,26683
460,30668,Tignall,GA,33.912362,-82.6684,Wilkes County,19680,1452
461,30828,Warrenton,GA,33.399555,-82.65655,Fauquier County,19797,4205
462,30248,Locust Grove,GA,33.351277,-84.10645,Henry County,33352,25161
463,30666,Statham,GA,33.957713,-83.58491,Barrow County,27892,10214
464,31727,Brookfield,GA,31.44172,-83.503715,Cook County,,
465,31001,Abbeville,GA,31.972626,-83.33081999999997,Abbeville County,20880,4563
466,31047,Kathleen,GA,32.509384000000004,-83.64773000000002,Ottawa County,38209,14625
467,31569,Woodbine,GA,30.915778000000003,-81.67924000000002,Tulsa County,28438,5831
468,30630,Crawford,GA,33.892957,-83.15548000000003,Crawford County,21301,2264
469,30105,Armuchee,GA,34.448075,-85.15313,Floyd County,30729,1776
470,31766,Morgan,GA,31.575228000000006,-84.59849,Montgomery County,,
471,30068,Marietta,GA,33.965601,-84.4433,Cobb County,51698,32613
472,31301,Allenhurst,GA,31.764663,-81.6098,Monmouth County,23444,4006
473,30333,Atlanta,GA,33.891251000000004,-84.07455999999998,Fulton County,,
474,31503,Waycross,GA,31.205194,-82.37534000000002,Ware County,25843,20624
475,30610,Athens,GA,33.944339,-83.38908,,,
476,30055,Mansfield,GA,33.504952,-83.74735,Tarrant County,27338,3306
477,30320,Atlanta,GA,33.656824,-84.423648,Fulton County,,
478,30553,Lavonia,GA,34.450501,-83.09448,Franklin County,23650,7994
479,30360,Atlanta,GA,33.934536,-84.27215,Fulton County,31755,15927
480,30477,Wadley,GA,32.872098,-82.4023,Bowie County,16288,2911
481,30036,Decatur,GA,33.891251000000004,-84.07455999999998,DeKalb County,,
482,30230,Hogansville,GA,33.173516,-84.91736999999998,Troup County,21308,9470
483,30612,Athens,GA,33.944339,-83.38908,,,
484,31778,Pavo,GA,30.966781,-83.72075,King County,20846,2316
485,31728,Cairo,GA,30.870390000000004,-84.21343,,,
486,30522,Cherrylog,GA,34.801665,-84.37931,Gilmer County,23906,897
487,30609,Athens,GA,33.946364,-83.37743,,2691,2291
488,30340,Atlanta,GA,33.899381,-84.25367,Fulton County,24434,28028
489,30505,Gainesville,GA,34.306188,-83.838936,Alachua County,,
490,31005,Bonaire,GA,32.556668,-83.62435,,40557,17530
491,30091,Norcross,GA,33.960353000000005,-84.037859,Gwinnett County,,
492,31829,Upatoi,GA,32.557718,-84.73957,Muscogee County,48500,956
493,31028,Centerville,GA,32.632111,-83.67795,Montgomery County,34868,6464
494,31721,Albany,GA,31.568890000000003,-84.248211,Albany County,35491,20572
495,30205,Brooks,GA,33.275707000000004,-84.46706,Wilson County,35662,2864
496,30621,Bishop,GA,33.804849,-83.48164,Inyo County,39174,5726
497,30046,Lawrenceville,GA,33.960353000000005,-84.037859,Gwinnett County,27386,37218
498,31421,Savannah,GA,31.971394,-81.07155999999998,Chatham County,,
499,30568,Rabun Gap,GA,34.952452,-83.4073,Rabun County,27471,1645
500,30070,Porterdale,GA,33.576043,-83.89820999999998,Newton County,12149,484
501,30901,Augusta,GA,33.461121,-81.97265,Richmond County,14477,16398
502,30032,Decatur,GA,33.740055,-84.26791,DeKalb County,21521,49456
503,30086,Stone Mountain,GA,33.891251000000004,-84.07455999999998,DeKalb County,,
504,31320,Midway,GA,31.788811,-81.37637,Cook County,30553,8258
505,30646,Hull,GA,34.065588,-83.31318,,28611,6506
506,30605,Athens,GA,33.925085,-83.34529,,17623,41451
507,31599,Jesup,GA,31.578181,-81.880222,Wayne County,,
508,30398,Atlanta,GA,33.844371,-84.47405,Fulton County,,
509,31414,Savannah,GA,31.971394,-81.07155999999998,Chatham County,,
510,31566,Waynesville,GA,31.144635,-81.83010999999998,Haywood County,18019,4839
511,30375,Atlanta,GA,33.844371,-84.47405,Fulton County,,
512,30387,Atlanta,GA,33.844371,-84.47405,Fulton County,,
513,30229,Haralson,GA,33.232156,-84.56854,Haralson County,,
514,30241,Lagrange,GA,33.036715,-84.98895,Troup County,23553,25266
515,31764,Leslie,GA,31.98309,-84.06866,Ingham County,23716,1514
516,30357,Atlanta,GA,33.844371,-84.47405,Fulton County,,
517,30038,Lithonia,GA,33.676358,-84.15381,DeKalb County,29645,39104
518,31713,Arlington,GA,31.427845,-84.71025,Tarrant County,,
519,30557,Martin,GA,34.491829,-83.17539000000002,Montgomery County,21529,4813
520,30664,Sharon,GA,33.560693,-82.80015,Norfolk County,30500,28
521,31803,Buena Vista,GA,32.315915000000004,-84.52238,Chaffee County,21835,5487
522,31903,Columbus,GA,32.423311,-84.94879,Franklin County,16715,19255
523,30153,Rockmart,GA,33.987497,-85.05508,Polk County,24357,18375
524,30028,Cumming,GA,34.193041,-84.092588,Forsyth County,36723,24978
525,30037,Decatur,GA,33.891251000000004,-84.07455999999998,DeKalb County,,
526,31552,Millwood,GA,31.281103,-82.6201,Oklahoma County,19049,842
527,30084,Tucker,GA,33.853853,-84.22036,DeKalb County,33845,38484
528,31908,Columbus,GA,32.534852,-84.906483,Franklin County,,
529,30310,Atlanta,GA,33.727807,-84.41983,Fulton County,20980,29658
530,30474,Vidalia,GA,32.220155,-82.41493,Toombs County,21886,16665
531,30719,Dalton,GA,34.801860999999995,-84.989796,Whitfield County,,
532,30238,Jonesboro,GA,33.49348,-84.37871,Craighead County,25746,39110
533,31745,Donalsonville,GA,30.974364,-84.87703,Seminole County,,
534,31789,Sumner,GA,31.484091,-83.73515,Noble County,24138,855
535,31016,Culloden,GA,32.861386,-84.11731999999998,Highland Council,20720,2033
536,31036,Hawkinsville,GA,32.270314,-83.48517,Pulaski County,22063,12322
537,30257,Milner,GA,33.136567,-84.19386,McCracken County,26406,4345
538,30547,Homer,GA,34.348822,-83.47738000000003,Stone County,20156,3209
539,31994,Columbus,GA,32.491005,-84.874123,Franklin County,,
540,31545,Jesup,GA,31.636895000000006,-81.90843000000002,Wayne County,22240,15652
541,31909,Columbus,GA,32.535540000000005,-84.92583,Franklin County,33195,39309
542,31793,Tifton,GA,31.485438,-83.503621,Tift County,28527,9640
543,31267,Cecil,GA,31.046761,-83.395669,Tulsa County,,
544,31998,Columbus,GA,32.491005,-84.874123,Franklin County,,
545,30147,Lindale,GA,34.175095,-85.18084,Smith County,22784,4339
546,30501,Gainesville,GA,34.306643,-83.82352,Alachua County,24212,29629
547,30168,Austell,GA,33.797456,-84.60621,Cobb County,25759,26301
548,31076,Reynolds,GA,32.54748,-84.10042,Montgomery County,19802,3414
549,30295,Zebulon,GA,33.101704999999995,-84.31251999999998,Wake County,31654,4352
550,30081,Smyrna,GA,33.858836,-84.71061999999998,Cobb County,,
551,30446,Newington,GA,32.567281,-81.48626999999998,Hartford County,17946,1251
552,30004,Alpharetta,GA,34.119177,-84.30292,Fulton County,50601,64232
553,30150,Mount Zion,GA,33.643002,-85.181782,,,
554,31537,Folkston,GA,30.860915,-82.02194,Charlton County,22647,10970
555,30707,Chickamauga,GA,34.827019,-85.32883000000002,Walker County,25303,15956
556,30118,Carrollton,GA,33.571176,-85.09612,Dallas County,2499,2180
557,31078,Roberta,GA,32.702635,-84.03811,Crawford County,22416,2973
558,30534,Dawsonville,GA,34.416521,-84.10849,Dawson County,30879,28843
559,30913,Augusta,GA,33.386041,-82.09099599999998,Richmond County,,
560,31774,Ocilla,GA,31.586426,-83.27583,Irwin County,17566,6737
561,30734,Ranger,GA,34.531444,-84.69955,New York County,26104,3779
562,31156,Atlanta,GA,33.844371,-84.47405,Fulton County,,
563,31524,Brunswick,GA,31.221995,-81.482551,Medina County,-666666666,0
564,31734,Climax,GA,30.88096,-84.42415,Greenwood County,,
565,30368,Atlanta,GA,33.844371,-84.47405,Fulton County,,
566,30013,Conyers,GA,33.633685,-83.98382,Rockdale County,33472,26368
567,30064,Marietta,GA,33.946735,-84.602,Cobb County,42136,49080
568,30359,Atlanta,GA,33.891251000000004,-84.07455999999998,Fulton County,,
569,31647,Sparks,GA,31.183567,-83.43559,Washoe County,18750,3660
570,30683,Winterville,GA,33.954047,-83.2673,Pitt County,23920,6601
571,30311,Atlanta,GA,33.724907,-84.47131,Fulton County,18009,36839
572,31408,Savannah,GA,32.106705,-81.16915,Chatham County,22374,10516
573,31914,Columbus,GA,32.491005,-84.874123,Franklin County,,
574,30546,Hiawassee,GA,34.923846999999995,-83.7231,Towns County,22820,6969
575,31743,De Soto,GA,31.930451,-84.02920999999998,Johnson County,9976,444
576,31995,Fort Benning,GA,32.495841,-84.963981,,,
577,31750,Fitzgerald,GA,31.720029,-83.25093000000003,Tulsa County,20822,18322
578,30386,Atlanta,GA,33.844371,-84.47405,Fulton County,,
579,30711,Crandall,GA,34.93882,-84.76558,Kaufman County,26672,3551
580,31716,Baconton,GA,31.3709,-84.12921,Mitchell County,22798,2960
581,30381,Atlanta,GA,33.844371,-84.47405,Fulton County,,
582,30224,Griffin,GA,33.215454,-84.25426999999998,Muskogee County,27683,25142
583,31333,Walthourville,GA,31.777890000000006,-81.64534,Liberty County,,
584,30237,Jonesboro,GA,33.500696999999995,-84.35127299999998,Craighead County,,
585,31332,Valona,GA,31.495071000000006,-81.381908,,,
586,31029,Forsyth,GA,33.0409,-83.92941,Forsyth County,25070,16459
587,30016,Covington,GA,33.542118,-83.93372,Kenton County,27389,54242
588,30822,Perkins,GA,32.914843,-81.87901,Kay County,17292,784
589,30286,Thomaston,GA,32.895794,-84.33084000000002,Upson County,22114,22085
590,30820,Mitchell,GA,33.224199,-82.713,Montgomery County,24795,1112
591,31812,Junction City,GA,32.614374,-84.44513,Geary County,11987,585
592,30018,Jersey,GA,33.717989,-83.801451,,,
593,30093,Norcross,GA,33.909952000000004,-84.1794,Gwinnett County,25572,55107
594,30417,Claxton,GA,32.162077000000004,-81.90984,Evans County,23948,10777
595,30627,Carlton,GA,33.994139000000004,-82.97819,Tulsa County,21594,2393
596,30218,Gay,GA,33.121379,-84.58776,Tulsa County,31030,1628
597,31814,Louvale,GA,32.154164,-84.83856999999998,Stewart County,38594,234
598,30502,Chestnut Mountain,GA,34.212993,-83.79485799999998,Jo Daviess County,,
599,30336,Atlanta,GA,33.744007,-84.56031999999998,Fulton County,-666666666,234
600,30821,Norwood,GA,33.477946,-82.73454,Norfolk County,21974,765
601,30284,Sunny Side,GA,33.345253,-84.289814,Johnson County,25938,96
602,30328,Atlanta,GA,33.931746000000004,-84.37817,Fulton County,52856,37111
603,30452,Register,GA,32.327219,-81.89818000000002,Montgomery County,24971,1372
604,31192,Atlanta,GA,33.844371,-84.47405,Fulton County,,
605,30090,Marietta,GA,33.952451,-84.54708199999997,Cobb County,,
606,30025,Social Circle,GA,33.65072,-83.70779,Walton County,31112,9308
607,30011,Auburn,GA,34.022974,-83.83416,Lee County,26042,15428
608,30251,Luthersville,GA,33.201986,-84.69943,Meriwether County,25291,2316
609,30173,Silver Creek,GA,34.145931,-85.14341999999998,Chautauqua County,25726,5799
610,30473,Uvalda,GA,32.03096,-82.48796999999998,Montgomery County,26115,2445
611,30258,Molena,GA,32.999261,-84.47168,Pike County,24274,3047
612,30369,Atlanta,GA,33.844371,-84.47405,Fulton County,,
613,30642,Greensboro,GA,33.547041,-83.19797,Guilford County,28823,11949
614,31790,Sycamore,GA,31.652542,-83.57934,Boone County,22479,1788
615,31409,Savannah,GA,31.971394,-81.07155999999998,Chatham County,23033,701
616,30202,Alpharetta,GA,34.062176,-84.240414,Fulton County,,
617,39901,Atlanta,GA,33.891251000000004,-84.07455999999998,Fulton County,,
618,30137,Emerson,GA,34.124283,-84.75579,Tulsa County,24091,1807
619,30067,Marietta,GA,33.933002,-84.47633,Cobb County,35796,46647
620,30021,Clarkston,GA,33.809604,-84.2387,Oakland County,20929,24137
621,30135,Douglasville,GA,33.701553999999994,-84.73756,Douglas County,33320,66134
622,30420,Cobbtown,GA,32.301639,-82.11842,Tattnall County,22266,845
623,31522,Saint Simons Island,GA,31.176516,-81.3802,Glynn County,42933,16402
624,30434,Louisville,GA,33.008983,-82.37799999999999,Jefferson County,19028,5386
625,30665,Siloam,GA,33.535009,-83.07786999999998,Lifou,16375,67
626,31019,Dexter,GA,32.427633,-83.05632,Cowley County,23851,2035
627,30607,Athens,GA,34.013154,-83.43565,,23914,10748
628,30066,Marietta,GA,34.027533,-84.51475,Cobb County,37341,55548
629,30735,Resaca,GA,34.604648,-84.91926,Gordon County,23011,6334
630,31191,Atlanta,GA,33.844371,-84.47405,Fulton County,,
631,31304,Crescent,GA,31.495071000000006,-81.381908,Pottawattamie County,-666666666,0
632,31792,Thomasville,GA,30.817654,-83.98919000000002,Thomas County,20646,24017
633,30907,Augusta,GA,33.512541,-82.09491,Richmond County,32858,51984
634,31768,Moultrie,GA,31.165358,-83.77172,Colquitt County,21032,22858
635,30272,Red Oak,GA,33.625894,-84.516327,Lawrence County,,
636,30306,Atlanta,GA,33.786755,-84.35149,Fulton County,62551,24112
637,30724,Eton,GA,34.822176,-84.75967,,,
638,30054,Oxford,GA,33.658113,-83.86249000000002,Oxfordshire,25394,11904
639,31523,Brunswick,GA,31.212705,-81.60975,Medina County,29664,13650
640,30010,Norcross,GA,33.960353000000005,-84.037859,Gwinnett County,,
641,30078,Snellville,GA,33.860955,-84.01807,Gwinnett County,31550,35824
642,31831,Waverly Hall,GA,32.698622,-84.71552,Harris County,26310,3556
643,30571,Sautee Nacoochee,GA,34.696896,-83.68012,White County,29688,3545
644,30079,Scottdale,GA,33.791537,-84.25994,Westmoreland County,27753,2824
645,31833,West Point,GA,32.867469,-85.13779,Orange County,25285,7188
646,30365,Atlanta,GA,33.844371,-84.47405,Fulton County,,
647,30517,Braselton,GA,34.121974,-83.78604,Jackson County,37419,14657
648,31087,Sparta,GA,33.260234999999994,-83.00647,,20770,8685
649,30344,Atlanta,GA,33.676258000000004,-84.44977,Fulton County,24648,32706
650,31810,Geneva,GA,32.57791,-84.54513,Geneva,15083,245
651,30095,Duluth,GA,34.025597999999995,-84.13045,St. Louis County,,
652,30165,Rome,GA,34.281423,-85.23825,Metropolitan City of Rome,24184,41961
653,30331,Atlanta,GA,33.715558,-84.52728,Fulton County,27868,64492
654,31708,Albany,GA,31.591073,-84.132357,Albany County,,
655,30830,Waynesboro,GA,33.080965,-81.9944,,23614,13828
656,30518,Buford,GA,34.12115,-84.01804,Gwinnett County,34965,52688
657,31094,Warthen,GA,33.125097,-82.81018,Washington County,27788,1217
658,31811,Hamilton,GA,32.722333,-84.95803000000002,Greenwood County,30356,6272
659,30204,Barnesville,GA,33.05413,-84.14862,Lamar County,18894,12940
660,31067,Oconee,GA,32.860031,-82.95019,Oconee County,25227,252
661,31623,Argyle,GA,31.071563,-82.65231999999997,Denton County,15833,113
662,30305,Atlanta,GA,33.830054,-84.38472,Fulton County,59424,23693
663,30142,Holly Springs,GA,34.242944,-84.458326,Wake County,,
664,30701,Calhoun,GA,34.4966,-84.93798000000002,Gordon County,24110,40820
665,31081,Rupert,GA,32.419094,-84.28475,Minidoka County,-666666666,72
666,30805,Blythe,GA,33.297318,-82.21503,Riverside County,24571,2735
667,31012,Chester,GA,32.396381,-83.16892,Cheshire West and Chester,24198,3099
668,31622,Alapaha,GA,31.379665000000006,-83.21803,Berrien County,23214,1972
669,31082,Sandersville,GA,32.984528999999995,-82.8375,Washington County,22395,9636
670,31763,Leesburg,GA,31.714526,-84.16931,Loudoun County,36161,24186
671,30506,Gainesville,GA,34.346102,-83.90100000000002,Alachua County,32151,44468
672,31058,Mauk,GA,32.498727,-84.42804,Taylor County,23194,1361
673,31620,Adel,GA,31.133004,-83.42736,Dallas County,25632,10836
674,30087,Stone Mountain,GA,33.817438,-84.13167,DeKalb County,35072,40003
675,31821,Omaha,GA,32.1342,-84.98499,Douglas County,18622,263
676,30175,Talking Rock,GA,34.537611,-84.51135,Pickens County,22759,5544
677,31203,Macon,GA,32.806707,-83.691315,Bibb County,,
678,30003,Norcross,GA,33.960353000000005,-84.037859,Gwinnett County,,
679,31063,Montezuma,GA,32.293293,-83.98913,Gray County,18672,4928
680,30177,Tate,GA,34.418116,-84.38462,Washington County,36202,1427
681,30467,Sylvania,GA,32.754635,-81.63543,Johnson County,22345,12070
682,31119,Atlanta,GA,33.891251000000004,-84.07455999999998,Fulton County,,
683,30541,Epworth,GA,34.925622,-84.42981,Blair County,23077,1580
684,31097,Yatesville,GA,32.912207,-84.14811999999998,Lawrence County,27000,1656
685,31312,Guyton,GA,32.313816,-81.3908,Effingham County,35947,20297
686,31999,Columbus,GA,32.491005,-84.874123,Franklin County,,
687,31807,Ellerslie,GA,32.634965,-84.80136999999998,Weld County,29924,3215
688,30113,Buchanan,GA,33.846270000000004,-85.20291,Botetourt County,24277,6649
689,30645,High Shoals,GA,33.801274,-83.516374,Paulding County,,
690,30261,Lagrange,GA,33.04567,-85.04899499999998,Troup County,,
691,30753,Trion,GA,34.558404,-85.30301,Chattooga County,22940,7330
692,30751,Tennga,GA,34.981449,-84.735233,Murray County,28971,40
693,31650,Willacoochee,GA,31.375165000000006,-83.01949,Atkinson County,22500,3404
694,31737,Colquitt,GA,31.152253,-84.69653000000002,Miller County,,
695,31022,Dudley,GA,32.516865,-83.09905,Worcester County,27457,1715
696,31040,Dublin,GA,32.540073,-82.914974,,,
697,30240,Lagrange,GA,33.029838,-85.0745,Troup County,24370,29114
698,31783,Rebecca,GA,31.767986,-83.47325,New York County,26758,883
699,31547,Kings Bay,GA,30.804684,-81.627717,Camden County,21594,1420
700,31746,Edison,GA,31.563327,-84.75869,Middlesex County,,
701,30083,Stone Mountain,GA,33.795621999999995,-84.19771,DeKalb County,22754,58323
702,30223,Griffin,GA,33.268184999999995,-84.27306,Muskogee County,20181,36986
703,31068,Oglethorpe,GA,32.329164,-84.07988,DeKalb County,24861,5079
704,31499,Savannah,GA,31.971394,-81.07155999999998,Chatham County,,
705,31702,Albany,GA,31.594782,-84.194812,Albany County,,
706,30017,Grayson,GA,33.888829,-83.96848,Knox County,39645,24416
707,30189,Woodstock,GA,34.117565,-84.57176,Ulster County,40815,38550
708,31126,Atlanta,GA,33.844371,-84.47405,Fulton County,,
709,31761,Jakin,GA,31.113122,-85.00251,Early County,,
710,30539,East Ellijay,GA,34.680011,-84.47154,Gilmer County,,
711,31720,Barwick,GA,30.890906,-83.73816,Thérèse-De Blainville,22176,296
712,31760,Irwinville,GA,31.706283000000006,-83.408633,Irwin County,,
713,30754,Summerville,GA,34.484483000000004,-85.34554399999998,Dorchester County,,
714,31091,Unadilla,GA,32.24473,-83.72075,Otsego County,21571,4353
715,30289,Turin,GA,33.32603,-84.637108,Metropolitan City of Turin,-666666666,276
716,31323,Riceboro,GA,31.658252,-81.48778,Liberty County,21571,1213
717,30002,Avondale Estates,GA,33.772122,-84.26491,DeKalb County,35693,5920
718,31738,Coolidge,GA,31.012042,-83.87218,Essex County,24940,1935
719,31035,Harrison,GA,32.835471000000005,-82.70761,Boone County,28586,1261
720,31039,Howard,GA,32.587537,-84.3895,Elk County,-666666666,0
721,30351,Atlanta,GA,33.844371,-84.47405,Fulton County,,
722,30438,Manassas,GA,32.152792,-82.01301,,-666666666,31
723,30598,Toccoa,GA,34.597674,-83.36206999999997,Stephens County,,
724,31064,Monticello,GA,33.319093,-83.70862,Albemarle County,22079,9071
725,30085,Tucker,GA,33.891251000000004,-84.07455999999998,DeKalb County,,
726,31631,Fargo,GA,30.680867,-82.58028,Cass County,25509,415
727,30252,Mcdonough,GA,33.464387,-84.08154,Henry County,36172,46286
728,31781,Poulan,GA,31.526584000000003,-83.79025,Richmond County,23711,2264
729,30097,Duluth,GA,34.02062100000001,-84.14294,St. Louis County,46545,46905
730,31703,Albany,GA,31.543065,-84.219594,Albany County,,
731,30313,Atlanta,GA,33.761223,-84.39599,Fulton County,8517,11529
732,30540,Ellijay,GA,34.688716,-84.46715999999998,Gilmer County,22275,20169
733,31002,Adrian,GA,32.549854,-82.56948,Lenawee County,19562,3071
734,31707,Albany,GA,31.568073,-84.22644,Albany County,25469,26094
735,30677,Watkinsville,GA,33.849286,-83.41232,Oconee County,37228,18337
736,31198,Atlanta,GA,33.844371,-84.47405,Fulton County,,
737,31780,Plains,GA,32.026125,-84.39361,Meade County,20239,2100
738,31786,Shellman,GA,31.72952,-84.60173,Randolph County,,
739,30291,Union City,GA,33.58087800000001,-84.54611,Alameda County,24219,21399
740,30389,Atlanta,GA,33.844371,-84.47405,Fulton County,,
741,30466,Summertown,GA,32.566594,-82.324475,Lawrence County,,
742,31558,Saint Marys,GA,30.761081,-81.56912,Jasper County,29862,21307
743,30580,Turnerville,GA,34.676584000000005,-83.43578000000002,Habersham County,,
744,31564,Waresboro,GA,31.018954,-82.416543,Ware County,,
745,31601,Valdosta,GA,30.807279,-83.28661,Lowndes County,17815,32084
746,31724,Bluffton,GA,31.528299,-84.86025,Beaufort County,,
747,31321,Pembroke,GA,32.163245,-81.64211,Robeson County,24346,7640
748,31073,Plainfield,GA,32.176429,-83.12289100000002,Hendricks County,,
749,31804,Cataula,GA,32.651617,-84.88805,Harris County,33027,5865
750,30436,Lyons,GA,32.177508,-82.30448,Rice County,22341,12092
751,30213,Fairburn,GA,33.565662,-84.59321,Fulton County,30412,32729
752,30619,Arnoldsville,GA,33.863663,-83.24825,Oglethorpe County,22368,1277
753,31604,Valdosta,GA,30.827965000000006,-83.25219200000002,Lowndes County,,
754,31917,Columbus,GA,32.491005,-84.874123,Franklin County,,
755,30314,Atlanta,GA,33.758056,-84.42268,Fulton County,13700,24446
756,30716,Tallapoosa,GA,33.744222,-85.286982,Haralson County,,
757,31752,Fowlstown,GA,30.803291,-84.54711,Decatur County,,
758,30523,Clarkesville,GA,34.700311,-83.51879,Habersham County,25393,12230
759,30652,Greensboro,GA,33.559342,-83.36415600000002,Guilford County,,
760,31202,Macon,GA,32.806707,-83.691315,Bibb County,,
761,30170,Roopville,GA,33.434562,-85.16973,Carroll County,25863,2943
762,30106,Austell,GA,33.828061,-84.62593000000003,Cobb County,28599,21742
763,30363,Atlanta,GA,33.844371,-84.47405,Fulton County,41704,3559
764,31568,White Oak,GA,31.003385,-81.79512,Allegheny County,19242,685
765,30045,Lawrenceville,GA,33.949054,-83.98565,Gwinnett County,35279,40179
766,30622,Bogart,GA,33.927792,-83.51552,Oconee County,31600,11803
767,31733,Chula,GA,31.592199,-83.48004,San Diego County,26181,1319
768,31830,Warm Springs,GA,32.896166,-84.71191,Meriwether County,16714,2571
769,30342,Atlanta,GA,33.879003000000004,-84.37203000000002,Fulton County,48233,30187
770,30510,Alto,GA,34.455729,-83.58913000000003,Cherokee County,20189,9042
771,31086,Smarr,GA,32.989503000000006,-83.876108,Monroe County,,
772,31204,Macon,GA,32.844871999999995,-83.67119,Bibb County,19436,29686
773,31195,Atlanta,GA,33.844371,-84.47405,Fulton County,,
774,30099,Duluth,GA,33.959534999999995,-84.105011,St. Louis County,,
775,30577,Toccoa,GA,34.561584,-83.31718000000002,Stephens County,20782,21204
776,30680,Winder,GA,33.992538,-83.71061,Barrow County,26214,42975
777,30301,Atlanta,GA,33.844371,-84.47405,Fulton County,,
778,31099,Warner Robins,GA,32.646236,-83.6513,Houston County,,
779,30515,Buford,GA,33.960353000000005,-84.037859,Gwinnett County,,
780,31077,Rhine,GA,31.953407,-83.18058,,20714,1395
781,31638,Morven,GA,30.935087,-83.50211,Anson County,16146,1107
782,31610,Sparks,GA,31.172669,-83.439433,Washoe County,,
783,30293,Woodbury,GA,32.973728,-84.5903,Orange County,18898,2948
784,30909,Augusta,GA,33.475936,-82.0697,Richmond County,27180,43374
785,30366,Atlanta,GA,33.891251000000004,-84.07455999999998,Fulton County,,
786,30182,Waco,GA,33.658254,-85.23496999999998,McLennan County,19109,2498
787,31729,Calvary,GA,30.729915,-84.34761999999998,Wilson County,,
788,30394,Atlanta,GA,33.844371,-84.47405,Fulton County,,
789,30266,Orchard Hill,GA,33.265656,-84.298964,Johnson County,,
790,31201,Macon,GA,32.830839000000005,-83.63529,Bibb County,14591,8103
791,31736,Coleman,GA,31.650441999999998,-84.87908,Sedgwick County,,
792,30138,Esom Hill,GA,33.99994,-85.172297,Polk County,,
793,31412,Savannah,GA,31.971394,-81.07155999999998,Chatham County,,
794,31701,Albany,GA,31.580774,-84.16044000000002,Albany County,16711,18584
795,31704,Albany,GA,31.549975,-84.061155,Albany County,,
796,31220,Macon,GA,32.862246,-83.78665,Bibb County,30094,14504
797,31415,Savannah,GA,32.075806,-81.12002,Chatham County,18550,12386
798,30029,Duluth,GA,33.960353000000005,-84.037859,St. Louis County,,
799,30206,Concord,GA,33.109599,-84.45541,Contra Costa County,31576,3609
800,30823,Stapleton,GA,33.234802,-82.46303,Denver County,18444,1837
801,31331,Townsend,GA,31.547412,-81.3862,Middlesex County,27430,7900
802,31519,Broxton,GA,31.676540000000006,-82.88991,Los Angeles County,25177,3474
803,30914,Augusta,GA,33.386041,-82.09099599999998,Richmond County,,
804,30620,Bethlehem,GA,33.928949,-83.73524,,31686,13644
805,30180,Villa Rica,GA,33.718079,-84.92356,Carroll County,31256,37325
806,31309,Fleming,GA,31.873145,-81.42676,Tulsa County,19800,923
807,31642,Pearson,GA,31.27291,-82.83341999999998,Shawnee County,20696,4779
808,30031,Decatur,GA,33.891251000000004,-84.07455999999998,DeKalb County,,
809,31095,Warner Robins,GA,32.487403,-83.669655,Houston County,,
810,30094,Conyers,GA,33.621906,-84.04633000000003,Rockdale County,31059,34928
811,30319,Atlanta,GA,33.872053,-84.33610999999998,Fulton County,55559,41839
812,30425,Garfield,GA,32.632683,-82.036,Labette County,25313,1339
813,31055,McRae,GA,32.045313,-82.8916,White County,18310,8194
814,30427,Glennville,GA,31.945767,-81.93594,Tattnall County,23832,12301
815,30385,Atlanta,GA,33.844371,-84.47405,Fulton County,,
816,31145,Atlanta,GA,33.891251000000004,-84.07455999999998,Fulton County,,
817,31549,Lumber City,GA,31.928525,-82.69332,Telfair County,17421,2157
818,30673,Washington,GA,33.728753999999995,-82.72612,,19859,7626
819,31715,Attapulgus,GA,30.743234,-84.48229,Decatur County,,
820,30233,Jackson,GA,33.294522,-83.97568000000003,Montgomery County,24625,23245
821,30733,Plainville,GA,34.409661,-85.03345,Hartford County,23214,2143
822,30146,Lebanon,GA,34.242944,-84.458326,,,
823,30740,Rocky Face,GA,34.757918,-85.05879,Alexander County,28792,8457
824,31518,Bristol,GA,31.513511,-82.18481,Sullivan County,20565,927
825,30133,Douglasville,GA,33.68966,-84.74459499999998,Douglas County,,
826,30332,Atlanta,GA,33.776305,-84.397976,Fulton County,3115,3115
827,30730,Lyerly,GA,34.376063,-85.4043,Chattooga County,18023,1933
828,30412,Alston,GA,32.083879,-82.47988000000002,Dorchester County,26786,69
829,30516,Bowersville,GA,34.370551,-83.05998000000002,Hart County,21774,2012
830,30030,Decatur,GA,33.771705,-84.29406999999998,DeKalb County,49207,29490
831,31199,Atlanta,GA,33.844371,-84.47405,Fulton County,,
832,30171,Rydal,GA,34.346142,-84.73232,Montgomery County,25700,3467
833,30179,Temple,GA,33.76324,-85.02667,Montgomery County,26907,19109
834,30315,Atlanta,GA,33.709595,-84.38365,Fulton County,18336,35511
835,30355,Atlanta,GA,33.844371,-84.47405,Fulton County,,
836,30507,Gainesville,GA,34.253714,-83.77348,Alachua County,22982,30076
837,30755,Tunnel Hill,GA,34.85973,-85.03867,Johnson County,25581,8813
838,30808,Dearing,GA,33.397137,-82.40335,Montgomery County,19427,4499
839,30459,Statesboro,GA,32.447036,-81.77772,Bulloch County,,
840,30623,Bostwick,GA,33.754234999999994,-83.511055,Putnam County,17714,130
841,30166,Carrollton,GA,33.571329,-85.030663,Dallas County,,
842,30268,Palmetto,GA,33.527793,-84.69453,Greenville County,23888,10434
843,30647,Ila,GA,34.120239,-83.288117,Douglas County,,
844,31419,Savannah,GA,31.986249,-81.20259,Chatham County,27436,58252
845,31543,Hortense,GA,31.320167,-81.85818,Indian River County,21034,4292
846,30250,Lovejoy,GA,33.437428000000004,-84.31519,Collin County,7455,656
847,30151,Nelson,GA,34.242944,-84.458326,Jackson County,,
848,30511,Baldwin,GA,34.469971,-83.50035,Douglas County,25438,4009
849,30624,Bowman,GA,34.193943,-83.03375,Bowman County,23739,3256
850,30026,Duluth,GA,33.962979,-84.092267,St. Louis County,,
851,30362,Atlanta,GA,33.891251000000004,-84.07455999999998,Fulton County,,
852,30143,Jasper,GA,34.454934,-84.41583,Division No. 15,30317,21487
853,30638,Farmington,GA,33.775001,-83.42456,San Juan County,,
854,31006,Butler,GA,32.563544,-84.2461,Butler County,23952,4476
855,31706,Albany,GA,31.559274,-84.176507,Albany County,,
856,30347,Atlanta,GA,33.844371,-84.47405,Fulton County,,
857,31146,Atlanta,GA,33.891251000000004,-84.07455999999998,Fulton County,,
858,30471,Twin City,GA,32.547214000000004,-82.17048,Jackson County,18584,5085
859,30345,Atlanta,GA,33.851735999999995,-84.28412,Fulton County,41794,25562
860,30232,Inman,GA,33.403811,-84.504403,McPherson County,,
861,30817,Lincolnton,GA,33.765566,-82.43899,Lincoln County,24737,7642
862,30912,Augusta,GA,33.386041,-82.09099599999998,Richmond County,-666666666,127
863,30109,Bowdon Junction,GA,33.653355,-85.136227,Carroll County,,
864,30346,Atlanta,GA,33.926753000000005,-84.33877,Fulton County,67207,4965
865,31007,Byromville,GA,32.199721000000004,-83.91327,Dooly County,18878,1132
866,30576,Tiger,GA,34.846806,-83.48178,Montgomery County,22466,2310
867,30428,Glenwood,GA,32.190739,-82.69115,Garfield County,19120,2783
868,30575,Talmo,GA,34.191571,-83.71124,Jackson County,26052,1533
869,31741,Damascus,GA,31.299009,-84.68772,,,
870,30903,Augusta,GA,33.386041,-82.09099599999998,Richmond County,26688,658
871,31507,Marshallville,GA,32.452926,-83.94433599999998,Wayne County,,
872,30441,Midville,GA,32.792831,-82.23715,Burke County,20953,1701
873,31041,Ideal,GA,32.371371,-84.18258,Tulsa County,14451,689
874,30720,Dalton,GA,34.766095,-84.9865,Whitfield County,27922,28382
875,31659,Nashville,GA,31.205388,-83.246084,Davidson County,,
876,30705,Chatsworth,GA,34.753129,-84.77502,Los Angeles County,24457,33460
877,31018,Davisboro,GA,32.976548,-82.61607,Washington County,7448,2674
878,31024,Eatonton,GA,33.318579,-83.35432,Putnam County,26389,20438
879,30757,Wildwood,GA,34.954188,-85.43231999999998,Cape May County,21163,2128
880,31093,Warner Robins,GA,32.638316,-83.64331999999997,Houston County,24273,28140
881,31303,Clyo,GA,32.508239,-81.3128,Effingham County,26986,2621
882,30461,Statesboro,GA,32.4906,-81.73165999999998,Bulloch County,30102,14366
883,31730,Camilla,GA,31.209854,-84.23666999999998,Mitchell County,21584,8419
884,30999,Augusta,GA,33.386041,-82.09099599999998,Richmond County,,
885,31422,Savannah,GA,31.971394,-81.07155999999998,Chatham County,,
886,30722,Dalton,GA,34.759522,-84.951261,Whitfield County,,
887,31065,Montrose,GA,32.564036,-83.16019,Montrose County,23144,1193
888,31784,Sale City,GA,31.258794,-84.02897,Mitchell County,25292,764
889,31015,Cordele,GA,31.950899,-83.77808,Crisp County,17401,21549
890,31548,Kingsland,GA,30.793409000000004,-81.68428,Llano County,27743,21146
891,30451,Pulaski,GA,32.414349,-82.086658,Brown County,-666666666,47
892,30554,Lula,GA,34.391688,-83.65979,Cook County,27146,7687
893,30033,Decatur,GA,33.811353999999994,-84.28335,DeKalb County,41027,32968
894,31023,Eastman,GA,32.193953,-83.1848,Dodge County,21081,14276
895,30183,Waleska,GA,34.332315,-84.57700000000001,Cherokee County,29380,6279
896,30264,Newnan,GA,33.361003000000004,-84.814173,Coweta County,,
897,31712,Arabi,GA,31.836577,-83.72045,St. Bernard Parish,21425,1084
898,31441,Savannah,GA,32.008183,-81.101502,Chatham County,,
899,30349,Atlanta,GA,33.61541,-84.49033,Fulton County,28266,75514
900,31605,Valdosta,GA,30.92205,-83.25332,Lowndes County,31731,22289
901,31004,Bolingbroke,GA,32.946971000000005,-83.800628,Monroe County,,
902,30107,Ball Ground,GA,34.344939000000004,-84.37204,Cherokee County,33798,14606
903,31624,Axson,GA,31.297883,-82.71029,Atkinson County,24761,1468
904,31062,Milledgeville,GA,33.087138,-83.22492,Baldwin County,14286,499
905,31085,Shady Dale,GA,33.421694,-83.61433000000002,Jasper County,22500,1292
906,30544,Demorest,GA,34.593092,-83.562922,Habersham County,,
907,31313,Hinesville,GA,31.828575,-81.61617,Liberty County,28303,40916
908,31711,Andersonville,GA,32.195361,-84.137,Cook County,18912,967
909,31567,West Green,GA,31.631943,-82.71829,Athens County,23750,842
910,31747,Ellenton,GA,31.176563,-83.58801,Manatee County,11131,156
911,30396,Atlanta,GA,33.844371,-84.47405,Fulton County,,
912,30708,Cisco,GA,34.945576,-84.7113,Benton County,33011,234
913,31294,Macon,GA,32.806707,-83.691315,Bibb County,,
914,30449,Oliver,GA,32.528104,-81.533198,Tulsa County,25625,163
915,30096,Duluth,GA,33.979401,-84.15118000000002,St. Louis County,31159,67959
916,30023,Alpharetta,GA,33.844371,-84.47405,Fulton County,,
917,31098,Warner Robins,GA,32.614742,-83.59829,Houston County,27158,3649
918,31211,Macon,GA,32.878304,-83.59963,Bibb County,23678,15488
919,31735,Cobb,GA,31.959367,-83.96028000000003,McDonald County,15755,715
920,31997,Columbus,GA,32.491005,-84.874123,Franklin County,,
921,31416,Savannah,GA,32.005255,-81.04771099999998,Chatham County,,
922,30276,Senoia,GA,33.281102000000004,-84.58017,Coweta County,34839,15245
923,30530,Commerce,GA,34.209907,-83.38389000000002,Jackson County,25841,6330
924,30916,Augusta,GA,33.386041,-82.09099599999998,Richmond County,,
925,31775,Omega,GA,31.334062,-83.59971,Tulsa County,21320,3339
926,31632,Hahira,GA,30.991859,-83.36415,Lowndes County,26817,12958
927,31643,Quitman,GA,30.783639,-83.55343,Wood County,24644,9062
928,31904,Columbus,GA,32.513391,-84.97753,Franklin County,26278,33908
929,30292,Williamson,GA,33.169646,-84.37168,Wayne County,27884,5772
930,30061,Marietta,GA,33.932842,-84.556004,Cobb County,,
931,31197,Atlanta,GA,33.844371,-84.47405,Fulton County,,
932,30215,Fayetteville,GA,33.40147,-84.46271,Cumberland County,38562,36441
933,31327,Sapelo Island,GA,31.423776,-81.27064,McIntosh County,45649,187
934,30371,Atlanta,GA,33.844371,-84.47405,Fulton County,,
935,31033,Haddock,GA,33.053288,-83.43902,Sedgwick County,32917,1815
936,30442,Millen,GA,32.802448,-81.98380999999998,Jenkins County,17210,7617
937,30297,Forest Park,GA,33.615409,-84.36704,,20175,28077
938,30596,Alto,GA,34.629391,-83.509934,Cherokee County,,
939,30092,Norcross,GA,33.9692,-84.23261,Gwinnett County,34381,35419
940,30324,Atlanta,GA,33.818304,-84.35779000000002,Fulton County,49470,26818
941,30361,Atlanta,GA,33.844371,-84.47405,Fulton County,,
942,30538,Eastanollee,GA,34.511618,-83.25811,Stephens County,22088,3120
943,30535,Demorest,GA,34.573072,-83.55991999999998,Habersham County,24391,7431
944,31090,Toomsboro,GA,32.801223,-83.06671,Wilkinson County,17121,959
945,30643,Hartwell,GA,34.366948,-82.9201,Hart County,21124,16009
946,31196,Atlanta,GA,33.844371,-84.47405,Fulton County,,
947,30101,Acworth,GA,34.052285,-84.68483,Cobb County,38300,58041
948,30421,Collins,GA,32.186824,-82.10699,Nowata County,22727,3322
949,30007,Marietta,GA,33.912473,-84.557181,Cobb County,,
950,30116,Carrollton,GA,33.560454,-85.02254,Dallas County,27072,24161
951,30273,Rex,GA,33.582877,-84.26906,New York County,29719,14663
952,31824,Preston,GA,32.051618,-84.53419,Montgomery County,20767,1695
953,31329,Springfield,GA,32.390879,-81.32427,Greene County,27305,9950
954,30126,Mableton,GA,33.817738,-84.56087,Cobb County,36417,41665
955,30318,Atlanta,GA,33.786805,-84.43700000000003,Fulton County,28256,54152
956,30285,The Rock,GA,32.995865,-84.25092,Washington County,17227,639
957,30326,Atlanta,GA,33.849853,-84.3606,Fulton County,56250,6030
958,30423,Daisy,GA,32.150061,-81.83478000000002,Benton County,18750,121
959,30323,Atlanta,GA,33.844371,-84.47405,Fulton County,,
960,31782,Putney,GA,31.543065,-84.219594,Windham County,,
961,31759,Iron City,GA,31.011595,-84.80242,Jefferson County,,
962,30127,Powder Springs,GA,33.87455300000001,-84.68784000000002,Cobb County,34615,67688
963,31322,Pooler,GA,32.110421,-81.24568000000002,Chatham County,40454,25459
964,30325,Atlanta,GA,33.844371,-84.47405,Fulton County,,
965,31796,Warwick,GA,31.782466,-83.86973,Kent County,18021,1130
966,31410,Savannah,GA,32.022019,-80.99193000000002,Chatham County,40699,24445
967,30601,Athens,GA,33.979015999999994,-83.36423,,14927,23685
968,30104,Aragon,GA,34.065792,-85.07226999999997,,25169,4960
969,30123,Cassville,GA,34.244178999999995,-84.84568399999998,Barry County,,
970,31791,Sylvester,GA,31.536886,-83.86041,Worth County,23805,12138
971,30388,Atlanta,GA,33.844371,-84.47405,Fulton County,,
972,30329,Atlanta,GA,33.827554,-84.32355,Fulton County,32905,27878
973,30648,Lexington,GA,33.863779,-83.06063,Fayette County,24657,3094
974,30304,Atlanta,GA,33.848196,-84.429296,Fulton County,,
975,30120,Cartersville,GA,34.167327,-84.82764,Bartow County,28140,41253
976,30555,McCaysville,GA,34.977037,-84.39839,Fannin County,21648,2273
977,31722,Berlin,GA,31.067313,-83.62288000000002,,20714,496
978,30392,Atlanta,GA,33.844371,-84.47405,Fulton County,,
979,31757,Thomasville,GA,30.883208000000003,-83.91237,Thomas County,28055,10764
980,31794,Tifton,GA,31.459666,-83.51083,Tift County,22670,27308
981,30088,Stone Mountain,GA,33.762106,-84.17938000000002,DeKalb County,23763,29984
982,30639,Franklin Springs,GA,34.281721000000005,-83.14746,Franklin County,,
983,30283,Jackson,GA,33.295159000000005,-83.965099,Montgomery County,,
984,31710,Americus,GA,32.051235,-84.181547,Sumter County,,
985,30350,Atlanta,GA,33.97285,-84.32775,Fulton County,36549,39464
986,31037,Helena,GA,32.094127,-82.91713,Lewis and Clark County,16687,4619
987,30134,Douglasville,GA,33.769636,-84.74967,Douglas County,26846,44114
988,30455,Rocky Ford,GA,32.697762,-81.81036,Otero County,22095,465
989,30203,Brooks,GA,33.288993,-84.464401,Wilson County,,
990,31402,Savannah,GA,31.971394,-81.07155999999998,Chatham County,,
991,30152,Kennesaw,GA,34.002146999999994,-84.63391999999997,Cobb County,39777,43310
992,30655,Monroe,GA,33.786041,-83.69901,Ouachita Parish,26088,25210
993,30376,Atlanta,GA,33.844371,-84.47405,Fulton County,,
994,31038,Hillsboro,GA,33.172786,-83.63554,Washington County,28059,566
