,City,County,City Latitude,City Longtitude,Population,Median Income,WithinFiveMiles,WithinTenMiles,WithinTwentyMiles,WithinFiftyMiles,WithinHundredMiles,DistanceToNearestHospital
0,Calhoun,Gordon County,34.487832999999995,-84.8500705,40820,24110,1,1,1,22,59,4.615698121760696
1,Chatsworth,Murray County,34.753129,-84.77502,33460,24457,1,1,3,12,57,1.904655239221261
2,Thomasville,Thomas County,30.86250425,-83.92881175000002,20703,22498,1,1,1,9,20,3.6392618955869778
3,Quitman,Brooks County,30.783639,-83.55343,9062,24644,1,1,2,10,21,0.8557411901169643
4,Camilla,Mitchell County,31.209854,-84.23666999999998,8419,21584,1,1,1,9,23,2.3084971198380493
5,Macon,Bibb County,32.81715886956521,-83.67255700000003,19256,-33312586,4,4,7,18,77,2.389252939126286
6,Macon,Bibb County,32.81715886956521,-83.67255700000003,19256,-33312586,4,4,7,18,77,2.389252939126286
7,Macon,Bibb County,32.81715886956521,-83.67255700000003,19256,-33312586,4,4,7,18,77,2.389252939126286
8,Macon,Bibb County,32.81715886956521,-83.67255700000003,19256,-33312586,4,4,7,18,77,2.389252939126286
9,Cochran,Bleckley County,32.397039,-83.3404,13265,22125,1,1,3,15,55,0.9282354686219599
10,Newnan,Coweta County,33.37526725,-84.77692549999998,52701,30791,2,2,3,33,71,1.2662909605977097
11,Newnan,Coweta County,33.37526725,-84.77692549999998,52701,30791,2,2,3,33,71,1.2662909605977097
12,Metter,Candler County,32.414401,-82.05534,10823,18192,1,1,3,10,37,0.7867433697810604
13,Cartersville,Bartow County,34.1837955,-84.80148500000001,32313,28639,1,1,3,38,64,1.2720295794070866
14,Hiawassee,Towns County,34.923846999999995,-83.7231,6969,22820,1,1,2,8,52,2.347911597854445
15,Fort Oglethorpe,Catoosa County,34.948979,-85.25211999999998,7842,24406,1,1,2,7,43,0.6890455419840258
16,Atlanta,DeKalb County,33.82845866666669,-84.40236618918918,25919,-21943664,3,16,23,44,78,1.4133649083905429
17,Atlanta,DeKalb County,33.82845866666669,-84.40236618918918,25919,-21943664,3,16,23,44,78,1.4133649083905429
18,Atlanta,DeKalb County,33.82845866666669,-84.40236618918918,25919,-21943664,3,16,23,44,78,1.4133649083905429
19,Atlanta,Fulton County,33.82845866666669,-84.40236618918918,25919,-21943664,3,16,23,44,78,1.4133649083905429
20,Atlanta,Fulton County,33.82845866666669,-84.40236618918918,25919,-21943664,3,16,23,44,78,1.4133649083905429
21,Atlanta,Fulton County,33.82845866666669,-84.40236618918918,25919,-21943664,3,16,23,44,78,1.4133649083905429
22,Atlanta,Fulton County,33.82845866666669,-84.40236618918918,25919,-21943664,3,16,23,44,78,1.4133649083905429
23,Atlanta,Fulton County,33.82845866666669,-84.40236618918918,25919,-21943664,3,16,23,44,78,1.4133649083905429
24,Atlanta,Fulton County,33.82845866666669,-84.40236618918918,25919,-21943664,3,16,23,44,78,1.4133649083905429
25,Atlanta,Fulton County,33.82845866666669,-84.40236618918918,25919,-21943664,3,16,23,44,78,1.4133649083905429
26,Atlanta,Fulton County,33.82845866666669,-84.40236618918918,25919,-21943664,3,16,23,44,78,1.4133649083905429
27,Atlanta,Fulton County,33.82845866666669,-84.40236618918918,25919,-21943664,3,16,23,44,78,1.4133649083905429
28,Atlanta,Fulton County,33.82845866666669,-84.40236618918918,25919,-21943664,3,16,23,44,78,1.4133649083905429
29,Homerville,Clinch County,31.062818,-82.72399,5622,20275,1,1,1,8,28,3.103250025016875
30,Douglas,Coffee County,31.519537,-82.85313700000002,14954,20942,1,1,1,11,37,0.8908096516887559
31,Moultrie,Colquitt County,31.169027000000003,-83.7820495,22858,21032,1,1,1,14,25,2.979975964866071
32,Cordele,Crisp County,31.9340385,-83.7817225,21549,17401,1,1,1,15,46,2.9976104160186208
33,Augusta,Richmond County,33.42063449999999,-82.08491662499998,32850,-51259555,2,4,4,7,30,4.558318116406382
34,Augusta,Richmond County,33.42063449999999,-82.08491662499998,32850,-51259555,2,4,4,7,30,4.558318116406382
35,Augusta,Richmond County,33.42063449999999,-82.08491662499998,32850,-51259555,2,4,4,7,30,4.558318116406382
36,Augusta,Richmond County,33.42063449999999,-82.08491662499998,32850,-51259555,2,4,4,7,30,4.558318116406382
37,Eastman,Dodge County,32.193953,-83.1848,14276,21081,1,1,3,13,53,0.7129863045399096
38,Fitzgerald,Ben Hill County,31.720029,-83.25093000000003,18322,20822,1,2,2,13,43,1.6422335255754628
39,Statesboro,Bulloch County,32.444667249999995,-81.77462,25909,16630,1,1,2,12,27,2.095916636206049
40,Springfield,Effingham County,32.390879,-81.32427,9950,27305,1,1,1,9,21,1.844189544029817
41,Elberton,Elbert County,34.119972,-82.825,14964,21478,1,1,1,7,56,2.885208575997699
42,Swainsboro,Emanuel County,32.605196,-82.3391,13598,20101,1,1,1,10,43,0.9778262256939376
43,Decatur,DeKalb County,33.802006750000004,-84.19094749999998,37842,33401,2,7,22,44,79,3.701614600228738
44,Decatur,DeKalb County,33.802006750000004,-84.19094749999998,37842,33401,2,7,22,44,79,3.701614600228738
45,Lithonia,DeKalb County,33.7133075,-84.12510499999998,48381,28433,1,2,22,43,80,1.4176505064030887
46,Tucker,DeKalb County,33.872552,-84.14746,38484,33845,0,5,21,46,78,6.622031948760932
47,Claxton,Evans County,32.162077000000004,-81.90984,10777,23948,1,1,4,14,30,0.7078973275523186
48,Dublin,Laurens County,32.54518466666667,-82.88610466666667,21916,21535,1,1,1,14,53,3.8684164184357357
49,Montezuma,Macon County,32.293293,-83.98913,4928,18672,1,1,1,16,48,2.3922562457130074
50,Rome,Floyd County,34.298378,-85.21452579999999,27633,-166648942,2,2,3,16,55,1.8636398439622117
51,Rome,Floyd County,34.298378,-85.21452579999999,27633,-166648942,2,2,3,16,55,1.8636398439622117
52,Cedartown,Polk County,34.010162,-85.25761999999997,23814,23343,1,1,3,13,55,3.513967679065826
53,Dalton,Whitfield County,34.77704425,-84.96687425,40921,25269,1,1,3,10,54,1.3556782792910265
54,Bremen,Haralson County,33.723939,-85.14282,13190,26211,1,1,3,29,59,0.5008240081644689
55,Warner Robins,Houston County,32.596278999999996,-83.642259,28984,28877,2,3,7,17,70,1.5236664556017512
56,Warner Robins,Houston County,32.596278999999996,-83.642259,28984,28877,2,3,7,17,70,1.5236664556017512
57,Ocilla,Irwin County,31.586426,-83.27583,6737,17566,1,2,3,14,38,1.857421509878579
58,Monticello,Jasper County,33.319093,-83.70862,9071,22079,1,1,3,35,81,1.319209945350994
59,Hazlehurst,Jeff Davis County,31.844772,-82.59809,14645,21532,1,1,1,11,46,1.0078371273047346
60,Millen,Jenkins County,32.802448,-81.98380999999998,7617,17210,1,1,2,13,34,2.878262304322086
61,Hinesville,Liberty County,31.817703499999997,-81.526622,40916,28303,1,1,1,9,19,4.623924262151936
62,Vidalia,Toombs County,32.198834000000005,-82.3944095,8332,-333322390,1,1,2,10,46,1.3027349378799358
63,Byron,Peach County,32.652313,-83.75918,18381,31807,1,3,7,19,70,3.2661215500395375
64,Waycross,Ware County,31.148069000000003,-82.38107099999999,16850,23209,0,1,1,5,27,5.657233919394639
65,Forsyth,Monroe County,33.0409,-83.92941,16459,25070,1,1,3,21,75,1.1327005690211887
66,Madison,Morgan County,33.588436,-83.47936,12063,28750,1,1,3,21,80,1.3806110850087172
67,Milledgeville,Baldwin County,33.085358500000005,-83.229445,22130,18000,1,1,2,17,78,0.9719594113874845
68,Gainesville,Hall County,34.305405666666665,-83.8595845,32153,25534,1,1,4,38,69,2.5080537574001833
69,Winder,Barrow County,33.992538,-83.71061,42975,26214,1,1,5,42,78,1.0875903081740512
70,Braselton,Hall County,34.121974,-83.78604,14657,37419,1,2,5,37,74,2.9870461469732463
71,Dahlonega,Lumpkin County,34.534884500000004,-83.9890295,26683,22180,1,1,2,23,65,1.116717477736788
72,Commerce,Jackson County,34.18364133333333,-83.47990966666667,9733,25649,1,1,3,18,74,2.54004132139722
73,Canton,Cherokee County,34.2112535,-84.47143,47157,34793,1,1,6,42,67,1.2780662725809813
74,Duluth,Gwinnett County,33.98126285714285,-84.0996522857143,58935,37753,2,2,17,42,77,3.8933363383062964
75,Cumming,Forsyth County,34.209984000000006,-84.121546,54006,41386,1,1,7,40,73,2.4609123497242757
76,Lawrenceville,Gwinnett County,33.95193999999999,-84.043285,68830,31013,1,2,20,42,78,1.671455323580879
77,Sylvania,Screven County,32.754635,-81.63543,12070,22345,1,1,2,7,24,0.7391285258280116
78,Reidsville,Tattnall County,32.054025,-82.059874,10775,14460,1,1,2,10,35,3.4115276681571136
79,Albany,Dougherty County,31.5672663,-84.16817030000001,25104,20778,2,2,3,8,35,1.7402009803572602
80,Albany,Dougherty County,31.5672663,-84.16817030000001,25104,20778,2,2,3,8,35,1.7402009803572602
81,Americus,Sumter County,32.06945566666666,-84.21787733333333,12402,21422,1,1,2,8,42,2.2195482555862
82,Sylvester,Worth County,31.536886,-83.86041,12138,23805,1,1,3,13,36,2.0962453582199605
83,Athens,Clarke County,33.95374808333333,-83.38985975000001,21862,14474,1,1,3,21,74,0.7031621597696456
84,Columbus,Muscogee County,32.491929600000006,-84.91847300000002,34613,21683,2,2,2,5,48,3.5051474899645076
85,Columbus,Muscogee County,32.491929600000006,-84.91847300000002,34613,21683,2,2,2,5,48,3.5051474899645076
86,Fayetteville,Fayette County,33.440110000000004,-84.469695,33029,36318,1,1,5,40,74,2.385371785284772
87,Jasper,Pickens County,34.454934,-84.41583,21487,30317,1,1,2,36,64,1.954108987339034
88,Covington,Newton County,33.55977166666667,-83.88321166666667,43710,25200,1,1,5,40,82,3.5186025374796355
89,Conyers,Rockdale County,33.65076833333333,-84.01582333333334,29633,29512,1,2,7,44,83,2.220937298206423
90,Monroe,Walton County,33.821732,-83.709,20669,27809,1,1,4,36,79,2.852004761095774
91,Eatonton,Putnam County,33.318579,-83.35432,20438,26389,1,1,5,17,79,1.5251232084997899
92,Valdosta,Lowndes County,30.85549644444445,-83.26009933333334,20502,20937,1,1,3,9,21,1.6063770257542869
93,Nashville,Berrien County,31.202194,-83.23244199999998,10237,21910,1,1,3,12,28,0.3762919480666158
94,Lakeland,Lanier County,31.055578000000004,-83.07103000000002,6602,20662,1,1,4,12,27,1.2851347273606994
95,Brunswick,Glynn County,31.2207972,-81.523048,18080,-133314971,1,1,1,4,16,3.8717316545541274
96,Riverdale,Clayton County,33.559928,-84.42047500000002,32009,24951,1,2,13,43,77,2.2261755801816387
97,Adel,Cook County,31.133004,-83.42736,10836,25632,1,1,2,14,26,1.6687742353220707
98,Tifton,Tift County,31.472552,-83.5072255,18474,25598,1,1,3,15,35,0.9556443514865706
99,Greensboro,Greene County,33.5531915,-83.28106300000002,11949,28823,0,1,3,16,79,5.4322583989884885
100,Lavonia,Franklin County,34.450501,-83.09448,7994,23650,1,1,2,9,56,2.235983987162437
101,Toccoa,Stephens County,34.579629,-83.339625,21204,20782,1,1,3,12,55,1.0313626001487017
102,Carrollton,Carroll County,33.582075200000006,-85.065821,24372,18315,1,1,3,30,64,0.984487322083687
103,Villa Rica,Carroll County,33.718079,-84.92356,37325,31256,1,1,5,35,69,1.8630899707505035
104,Hawkinsville,Pulaski County,32.270314,-83.48517,12322,22063,1,1,3,16,50,1.7966530597668324
105,Blairsville,Union County,34.889477,-84.0116735,21080,24412,1,1,2,10,54,2.7975402320233407
106,Thomson,McDuffie County,33.490536,-82.5028,17025,21449,1,1,1,9,46,2.2422864298660765
107,Thomaston,Upson County,32.895794,-84.33084000000002,22085,22114,1,1,1,20,71,0.7662996160104167
108,Warm Springs,Meriwether County,32.896166,-84.71191,2571,16714,1,1,1,9,68,1.7333563031710637
109,Sandersville,Washington County,32.984528999999995,-82.8375,9636,22395,1,1,1,10,52,2.0937241958049166
110,Jesup,Wayne County,31.59210575,-81.883421,9990,20779,1,1,1,7,27,1.153598417213024
111,Austell,Cobb County,33.8127585,-84.61607000000002,24021,27179,1,2,20,43,74,3.1194094941640724
112,Douglasville,Douglas County,33.7126275,-84.74410499999998,55124,30083,1,1,4,39,73,1.9488236003979937
113,Marietta,Cobb County,33.943484857142856,-84.53430707142857,45780,35210,1,2,21,45,72,2.0770181798027485
114,Roswell,Fulton County,33.975564,-84.39239333333333,48737,40065,0,7,21,45,73,5.102388469416608
115,Hiram,Paulding County,33.867574,-84.77103000000002,23326,31176,1,3,5,40,71,2.3864802877754845
116,Griffin,Spalding County,33.2418195,-84.26366499999997,31064,23932,1,1,2,36,76,0.27129168919302565
117,Jackson,Butts County,33.29484050000001,-83.97038950000002,23245,24625,1,1,4,41,80,0.751232890858392
118,Washington,Wilkes County,33.728753999999995,-82.72612,7626,19859,1,1,2,11,63,0.9445334484001794
119,Savannah,Chatham County,32.00549926086957,-81.08729143478259,25759,26070,2,2,2,6,16,1.7107651942615612
120,Savannah,Chatham County,32.00549926086957,-81.08729143478259,25759,26070,2,2,2,6,16,1.7107651942615612
121,Blue Ridge,Fannin County,34.851171,-84.32905,11753,26086,0,1,1,12,56,5.260206276492625
122,Demorest,Habersham County,34.583082,-83.561421,7431,24391,1,1,2,12,59,1.394304521178315
123,Abbeville,,31.972626,-83.33081999999997,4563,20880,0,0,2,14,47,17.185317935457224
124,Acworth,,34.0751415,-84.651565,49841,33711,0,1,6,43,67,9.243393137288342
125,Adairsville,,34.368647,-84.92452,16138,24570,0,1,4,25,59,9.758000044405689
126,Adrian,,32.549854,-82.56948,3071,19562,0,0,1,12,46,13.303986817405338
127,Ailey,,32.196136,-82.50985,1715,26628,0,1,1,9,47,7.907635284723032
128,Alamo,,32.146031,-82.792,4766,28321,0,0,0,12,48,22.670150490430117
129,Alapaha,,31.37966500000001,-83.21803,1972,23214,0,0,3,13,34,12.228457335082936
130,Allenhurst,,31.764663,-81.6098,4006,23444,0,1,1,9,22,5.180763771633647
131,Allentown,,32.600621999999994,-83.22095999999998,88,19375,0,0,2,13,55,16.447443854894164
132,Alma,,31.551458,-82.44618,9914,20124,0,0,0,9,33,23.097285919829876
133,Alpharetta,,33.99606133333333,-84.325964,45849,53503,1,7,23,41,73,4.601926624448711
134,Alston,,32.083879,-82.47988000000002,69,26786,0,0,2,11,46,10.569741102420931
135,Alto,,34.542559999999995,-83.54953200000001,9042,20189,1,1,2,14,60,2.745964478572589
136,Ambrose,,31.57344,-83.01501999999998,2131,21716,0,1,3,12,42,9.900027213368674
137,Andersonville,,32.195361,-84.137,967,18912,0,1,2,11,43,9.24795824372412
138,Appling,,33.620669,-82.30514000000002,6147,23555,0,0,3,7,36,13.191032225773958
139,Arabi,,31.836577,-83.72045,1084,21425,0,0,1,13,42,10.3504575959798
140,Aragon,,34.065792,-85.07226999999997,4960,25169,0,1,4,30,62,7.9778747400952295
141,Argyle,,31.071563,-82.65231999999997,113,15833,0,1,1,7,29,7.124303220161331
142,Armuchee,,34.448075,-85.15313,1776,30729,0,0,3,12,55,12.0439331139674
143,Arnoldsville,,33.863663,-83.24825,1277,22368,0,0,1,17,73,10.926524350274766
144,Ashburn,,31.709742,-83.66519,5866,22190,0,0,3,16,40,17.10492784049297
145,Auburn,,34.022974,-83.83416,15428,26042,0,2,6,40,77,6.69461327905031
146,Avera,,33.163467,-82.52017,965,24306,0,0,0,11,43,20.11527875185158
147,Avondale Estates,,33.772122,-84.26491,5920,35693,6,12,21,44,79,1.651946824928473
148,Axson,,31.297883,-82.71029,1468,24761,0,0,2,11,32,17.24798900940498
149,Baconton,,31.3709,-84.12921,2960,22798,0,0,4,10,28,10.714653085260121
150,Baldwin,,34.469971,-83.50035,4009,25438,0,1,3,16,61,7.9379344327203825
151,Ball Ground,,34.344939000000004,-84.37204,14606,33798,0,2,4,39,65,8.189708088713193
152,Barnesville,,33.05413,-84.14862,12940,18894,0,0,4,22,73,11.897985339448644
153,Barney,,31.003274,-83.5282,972,19658,0,1,4,12,24,9.435343230449035
154,Bartow,,32.884137,-82.50969,1805,19507,0,0,1,10,46,18.760864101704062
155,Barwick,,30.890906,-83.73816,296,22176,0,0,3,10,23,12.523593678248863
156,Baxley,,31.743283,-82.32582850000001,16247,20967,0,0,1,9,36,18.329890972992807
157,Bellville,,32.154990000000005,-81.97825999999998,10777,23948,1,2,3,12,32,4.722459886823185
158,Berlin,,31.067313,-83.62288000000002,496,20714,0,0,3,14,24,10.1654847480416
159,Bethlehem,,33.928949,-83.73524,13644,31686,0,2,5,40,78,5.681455131397076
160,Bishop,,33.804849,-83.48164,5726,39174,0,0,4,26,79,11.812939236791324
161,Blackshear,,31.307234,-82.25779,14541,21948,0,1,1,6,30,7.780052294648863
162,Bloomingdale,,32.129474,-81.33121,8139,27154,0,0,3,10,18,15.258789698923716
163,Blythe,,33.297318,-82.21503,2735,24571,0,0,4,9,37,14.768880153752441
164,Bogart,,33.927792,-83.51552,11803,31600,0,1,3,34,80,7.138609824560223
165,Bolingbroke,,32.946971000000005,-83.800628,34305,35734,0,1,5,20,78,8.072696219294942
166,Bonaire,,32.556668,-83.62435,17530,40557,2,3,7,16,66,4.130658596713274
167,Boneville,,33.527993,-82.5104,4499,19427,1,1,2,9,43,0.6006667419723019
168,Boston,,30.782963,-83.78882,3211,23785,0,0,2,8,19,11.281437747655744
169,Bostwick,,33.754234999999994,-83.511055,130,17714,0,0,3,32,79,12.938166535747568
170,Bowdon,,33.533934,-85.26088,7351,21243,0,0,2,10,56,11.042001974841764
171,Bowdon Junction,,33.653355,-85.136227,35575,21845,1,2,3,28,60,4.407742400632948
172,Bowersville,,34.370551,-83.05998000000002,2012,21774,0,1,1,10,56,6.333397430048303
173,Bowman,,34.193943,-83.03375,3256,23739,0,0,2,12,62,10.677352839111371
174,Box Springs,,32.527813,-84.59822,3240,22345,0,0,0,7,61,20.609176239490075
175,Bristol,,31.513511,-82.18481,927,20565,0,0,1,10,33,17.8412977346009
176,Brookfield,,31.44172,-83.503715,27308,22670,1,1,2,15,35,2.151443613868383
177,Brooklet,,32.3456,-81.62339,6161,30633,0,1,2,12,25,9.820504518286278
178,Brooks,,33.28235,-84.4657305,2864,35662,0,0,4,36,73,11.867103250848043
179,Broxton,,31.67654000000001,-82.88991,3474,25177,0,0,1,11,44,11.530094149071
180,Buchanan,,33.846270000000004,-85.20291,6649,24277,0,1,3,26,58,9.5205086416475
181,Buckhead,,33.527207000000004,-83.34676,2140,26886,0,2,3,22,78,6.8132568534214935
182,Buena Vista,,32.315915000000004,-84.52238,5487,21835,0,0,0,8,43,23.21104140861723
183,Buford,,34.056974,-84.00096966666666,50597,34867,0,1,6,40,74,6.534550105128714
184,Butler,,32.563544,-84.2461,4476,23952,0,0,0,17,67,22.45640409535571
185,Byromville,,32.199721000000004,-83.91327,1132,18878,0,1,2,16,50,9.43300764085212
186,Cadwell,,32.309003000000004,-83.02646999999997,1317,16112,0,0,3,13,53,12.297936703076415
187,Camak,,33.453039000000004,-82.64828,70,32708,0,1,2,12,56,9.737566123729197
188,Canon,,34.338008,-83.09656,5179,18854,0,1,1,10,56,7.350230489957084
189,Carlton,,33.994139000000004,-82.97819,2393,21594,0,0,1,11,61,10.133108626334167
190,Carnesville,,34.360544,-83.28544000000002,5042,25852,0,0,3,12,63,10.369557714166564
191,Cassville,,34.244178999999995,-84.84568399999998,41253,28140,1,1,3,35,64,4.158145155961525
192,Cataula,,32.651617,-84.88805,5865,33027,0,1,2,5,55,8.865645009240545
193,Cave Spring,,34.118206,-85.34000999999998,2896,27203,0,0,3,12,54,10.925700208463539
194,Cecil,,31.047378499999997,-83.3935095,247,20703,1,1,5,14,25,4.66763273521102
195,Centerville,,32.632111,-83.67795,6464,34868,2,3,7,18,70,2.9328819817879284
196,Chauncey,,32.108676,-83.06006,694,23958,0,1,1,12,49,8.701355969527901
197,Cherrylog,,34.801665,-84.37931,897,23906,0,1,1,12,57,8.006121610634917
198,Chester,,32.396381,-83.16892,3099,24198,0,0,4,18,54,10.423466743975396
199,Chestnut Mountain,,34.212993,-83.79485799999998,37056,33127,0,2,5,38,73,6.381528592510573
200,Chickamauga,,34.827019,-85.32883000000002,15956,25303,0,1,2,6,43,9.048838477430808
201,Chula,,31.592199,-83.48004,1319,26181,0,1,3,15,36,8.37396448814592
202,Cisco,,34.945576,-84.7113,234,33011,0,0,3,7,52,12.122608788834121
203,Clarkdale,,33.912473,-84.557181,67688,34615,2,2,21,45,73,3.9678115503622897
204,Clarkesville,,34.700311,-83.51879,12230,25393,0,1,2,10,56,8.28706287952293
205,Clarkston,,33.809604,-84.2387,24137,20929,6,17,22,44,77,1.2749105127568297
206,Clayton,,34.882362,-83.4156,7305,19946,0,0,1,8,48,19.705332146494005
207,Clermont,,34.481514000000004,-83.78599,4377,26373,0,0,3,19,66,11.200044806052528
208,Cleveland,,34.595859000000004,-83.76194,24761,25071,0,0,2,18,62,12.858577822465367
209,Clinchfield,,32.338639,-83.692562,12322,22063,0,0,5,15,51,12.539475249613634
210,Clyo,,32.508239,-81.3128,2621,26986,0,1,1,9,22,9.927892028430856
211,Cobb,,31.959367,-83.96028000000003,715,15755,0,0,2,15,42,10.586078089448046
212,Cobbtown,,32.301639,-82.11842,845,22266,0,1,4,12,39,7.894820759776606
213,Cohutta,,34.935105,-84.94641999999997,7154,31602,0,0,3,8,49,10.239348211548961
214,Colbert,,34.041416,-83.21996999999998,6874,26875,0,0,2,16,67,11.611402912296477
215,Collins,,32.186824,-82.10699,3322,22727,0,1,4,12,40,7.324207542441584
216,Comer,,34.072573,-83.11913,4735,22107,0,0,2,13,65,14.295303936157216
217,Concord,,33.109599,-84.45541,3609,31576,0,0,2,27,73,14.099225763749056
218,Conley,,33.647275,-84.32753000000002,9230,27808,0,7,20,44,79,5.893602312977469
219,Coolidge,,31.012042,-83.87218,1935,24940,0,1,2,12,24,9.544508888271636
220,Coosa,,34.333308,-85.233721,41961,24184,1,2,2,15,54,4.48341428521613
221,Cornelia,,34.514215,-83.54118000000003,10818,25113,1,1,2,14,61,4.6124254484290566
222,Cotton,,31.260443,-84.253089,9998,22604,1,1,1,7,25,3.529949949295656
223,Crandall,,34.93882,-84.76558,3551,26672,0,0,2,7,52,10.995928608467969
224,Crawford,,33.892957,-83.15548000000003,2264,21301,0,0,1,16,72,14.70871057443452
225,Crawfordville,,33.570317,-82.88542,1647,19830,0,0,1,11,69,13.670574158026588
226,Crescent,,31.49507100000001,-81.381908,0,-666666666,0,0,0,5,18,22.84272987680463
227,Culloden,,32.861386,-84.11731999999998,2033,20720,0,0,2,15,71,12.873342771852471
228,Cusseta,,32.285535,-84.76332,2431,21033,0,0,1,6,33,18.553612883052313
229,Dacula,,33.981721,-83.88302,49262,38465,0,2,5,39,77,7.826970881172923
230,Daisy,,32.150061,-81.83478000000002,121,18750,1,1,3,14,29,3.9120966185060593
231,Dallas,,33.919119499999994,-84.83961500000002,44891,32294,1,1,6,39,68,3.557485609443532
232,Danielsville,,34.17085,-83.24654,9227,26681,0,0,3,15,67,13.137592688440852
233,Danville,,32.600844,-83.24549,1913,20712,0,0,2,13,56,16.02554576587897
234,Darien,,31.407598,-81.39094,5983,23883,0,0,1,5,17,16.92641418528554
235,Davisboro,,32.976548,-82.61607,2674,7448,0,0,1,10,47,11.000489676311098
236,Dawsonville,,34.416521,-84.10849,28843,30879,0,0,4,39,66,10.54771533952911
237,De Soto,,31.930451,-84.02920999999998,444,9976,0,0,2,11,41,14.919746729342288
238,Dearing,,33.397137,-82.40335,4499,19427,0,0,2,9,44,10.376457025792618
239,Denton,,31.718382,-82.73595,650,19412,0,0,2,12,48,12.185261044008268
240,Dewy Rose,,34.212836,-82.94112,1802,19906,0,1,2,8,56,7.8480514284505345
241,Dexter,,32.427633,-83.05632,2035,23851,0,1,3,16,55,9.512562869139215
242,Dillard,,34.977198,-83.35161,1534,21918,0,0,0,6,41,22.915654187339765
243,Dixie,,30.802821,-83.69126,732,39050,0,1,2,10,21,7.874791627832181
244,Doerun,,31.325004,-83.90937,2791,25365,0,0,3,14,27,13.501335282090636
245,Dover,,32.767634,-81.629062,12070,22345,1,1,2,7,24,1.6014105884887062
246,Dry Branch,,32.719907,-83.4905,1688,18750,0,0,7,18,73,10.873689783978842
247,Du Pont,,30.96373,-82.86455,560,19868,0,1,2,9,26,7.6744631513158925
248,Dudley,,32.516865,-83.09905,1715,27457,0,1,2,15,55,8.727481307880318
249,East Ellijay,,34.680011,-84.47154,7843,24587,0,0,3,17,61,16.211736279221082
250,Eastanollee,,34.511618,-83.25811,3120,22088,0,2,3,12,56,7.593424890514526
251,Eden,,32.183211,-81.39979,908,18750,0,0,1,10,23,13.314213935012305
252,Elko,,32.335147,-83.74571,866,51757,0,0,3,15,51,15.538097181554427
253,Ellabell,,32.172661,-81.48447,7114,26737,0,0,1,10,24,16.326438295994492
254,Ellaville,,32.246795,-84.32008,5180,27406,0,0,2,13,40,12.958706489132577
255,Ellenton,,31.176563,-83.58801,156,11131,0,0,2,16,27,10.634210330400863
256,Ellenwood,,33.639658000000004,-84.26822,41782,31439,0,2,20,43,79,8.1430527252681
257,Ellerslie,,32.634965,-84.80136999999998,3215,29924,0,0,3,5,57,11.1459890528964
258,Ellijay,,34.688716,-84.46715999999998,20169,22275,0,0,3,15,60,16.64596758901945
259,Emerson,,34.124283,-84.75579,1807,24091,0,1,4,39,66,5.7564496101008364
260,Enigma,,31.439212,-83.34040999999998,2649,22908,0,1,4,14,36,9.16797517113433
261,Epworth,,34.925622,-84.42981,1580,23077,1,1,1,10,53,3.1966338200185533
262,Esom Hill,,33.99994,-85.172297,23814,23343,1,1,4,25,58,1.6936358302301748
263,Eton,,34.822176,-84.75967,33460,24457,1,1,2,12,56,3.199328423557168
264,Evans,,33.551145,-82.13949000000002,45542,41069,0,2,4,6,32,5.168889621530795
265,Experiment,,33.278205,-84.288803,36986,20181,1,1,3,39,78,2.956464441792031
266,Fairburn,,33.565662,-84.59321,32729,30412,0,1,9,41,73,9.2023905982096
267,Fairmount,,34.434629,-84.70133,4143,28901,0,0,4,32,61,13.85910562668504
268,Fargo,,30.680867,-82.58028,415,25509,0,0,0,4,18,26.675492997171084
269,Farmington,,33.775001,-83.42456,18337,37228,0,0,3,24,78,12.937235122278727
270,Felton,,33.88232,-85.234946,6649,24277,0,1,2,18,58,9.334219414977081
271,Fleming,,31.873145,-81.42676,923,19800,0,0,1,9,18,10.50437493367982
272,Flintstone,,34.932348,-85.35064,4646,21244,0,1,1,6,41,5.019729689411756
273,Flovilla,,33.251174,-83.89284,2376,15399,0,1,3,34,78,6.109395327916036
274,Flowery Branch,,34.188281,-83.91813,37056,33127,0,2,6,40,74,6.56884326038914
275,Folkston,,30.860915,-82.02194,10970,22647,0,0,0,3,20,31.681211915932593
276,Forest Park,,33.558053,-84.35915649999998,28077,20175,1,1,14,44,79,2.293626490529273
277,Fort Benning,,32.4346655,-84.9350505,18110,21263,1,2,2,5,39,4.188951450510908
278,Fort Stewart,,31.877821500000003,-81.60596000000002,4637,27002,1,1,1,10,22,2.658145419868316
279,Fort Valley,,32.555679999999995,-83.88641,17701,18661,0,1,4,15,67,8.153254966932645
280,Fortson,,32.638884999999995,-85.00735999999998,6961,41761,0,1,2,4,53,7.899162874795829
281,Franklin,,33.298014,-85.12243000000002,9144,25124,0,0,1,13,62,18.9293134169336
282,Franklin Springs,,34.281721000000005,-83.14746,9077,19505,0,0,3,11,62,10.986144444662786
283,Funston,,31.205365000000004,-83.877554,22858,21032,0,1,2,14,27,7.952145198453679
284,Garfield,,32.632683,-82.036,1339,25313,0,0,3,9,37,13.223164619962262
285,Gay,,33.121379,-84.58776,1628,31030,0,0,2,25,71,16.924489045268476
286,Geneva,,32.57791,-84.54513,245,15083,0,0,0,9,63,22.917566220390945
287,Gibson,,33.236721,-82.58135,1906,23345,0,0,0,12,47,20.262372205337087
288,Gillsville,,34.29945900000001,-83.65226,4853,24277,0,1,3,29,68,9.358266822796438
289,Girard,,33.032445,-81.63251,782,20893,0,0,1,9,24,19.48981171632376
290,Glennville,,31.945767,-81.93594,12301,23832,0,0,2,10,28,13.76332809017653
291,Glenwood,,32.190739,-82.69115,2783,19120,0,0,1,12,54,18.522415788817188
292,Good Hope,,33.766057,-83.57597,1957,30071,0,0,5,37,82,10.282082171539184
293,Gordon,,32.891499,-83.32748000000002,6213,23844,0,0,4,19,79,14.465505149073401
294,Gough,,33.050487,-81.929165,2024,26652,0,0,1,10,30,16.969325794372264
295,Gracewood,,33.386041,-82.09099599999998,394,16385,0,4,4,8,31,6.911437749455198
296,Grantville,,33.230734000000005,-84.82543000000003,5375,26820,0,1,2,24,67,9.654393268044691
297,Gray,,33.003454999999995,-83.55078,15113,31832,0,0,5,21,81,11.49408773692728
298,Grayson,,33.888829,-83.96848,24416,39645,0,1,10,42,77,5.846595314114264
299,Graysville,,34.975939000000004,-85.1416,0,-666666666,0,1,2,7,44,7.228495277830068
300,Greenville,,33.034761,-84.73593000000002,4116,20864,0,0,1,13,67,10.479343251991303
301,Grovetown,,33.459489000000005,-82.20102,44065,33210,0,1,5,8,34,6.421485217543626
302,Guyton,,32.313816,-81.3908,20297,35947,0,1,1,10,22,5.387565988218863
303,Haddock,,33.053288,-83.43902,1815,32917,0,0,6,19,79,11.511254851375956
304,Hagan,,32.159458,-81.93724,210,19018,1,1,3,13,31,2.30185347982255
305,Hahira,,30.991859,-83.36415,12958,26817,0,1,5,13,25,8.870352109772785
306,Hamilton,,32.722333,-84.95803000000002,6272,30356,0,0,3,6,55,12.943707894899735
307,Hampton,,33.401827000000004,-84.30152,42259,29129,0,0,4,40,79,11.374300408705544
308,Haralson,,33.232156,-84.56854,15245,34839,0,0,4,34,72,13.844825702348489
309,Hardwick,,33.040103,-83.2182,43762,21715,1,1,1,17,79,3.7634724842264067
310,Harlem,,33.423590000000004,-82.31013,8538,24462,0,0,5,8,40,13.022030795644184
311,Harrison,,32.835471000000005,-82.70761,1261,28586,0,0,1,9,50,12.397388221047537
312,Hartsfield,,31.177174,-83.96555,791,32902,0,0,2,11,25,11.532115648625366
313,Hartwell,,34.366948,-82.9201,16009,21124,0,0,2,7,53,13.114226967475838
314,Helen,,34.713441,-83.74189,698,28750,0,0,4,13,60,14.812241927977167
315,Helena,,32.094127,-82.91713,4619,16687,0,0,1,11,49,16.534195148860363
316,Hephzibah,,33.32157,-82.08872,40347,25155,0,0,4,9,30,10.772934782634993
317,High Shoals,,33.801274,-83.516374,5726,39174,0,0,4,35,80,12.966055259136626
318,Hillsboro,,33.172786,-83.63554,566,28059,0,0,2,21,83,10.197296099370163
319,Hoboken,,31.1747,-82.13812,3170,22297,0,0,1,5,26,12.907575925554584
320,Hogansville,,33.173516,-84.91736999999998,9470,21308,0,0,2,13,65,15.793858053002689
321,Holly Springs,,34.242944,-84.458326,41105,37370,1,1,6,42,67,1.048771501441484
322,Homer,,34.348822,-83.47738000000003,3209,20156,0,1,4,16,64,8.946962893757135
323,Hortense,,31.320167,-81.85818,4292,21034,0,0,1,4,25,19.495276672686483
324,Hoschton,,34.097915,-83.77864,18630,36589,1,2,5,37,74,3.734561274918245
325,Howard,,32.587537,-84.3895,0,-666666666,0,0,0,15,67,20.786062197636408
326,Hull,,34.065588,-83.31318,6506,28611,0,1,2,19,70,8.675109424578949
327,Ideal,,32.371371,-84.18258,689,14451,0,0,1,17,58,10.395010825536234
328,Ila,,34.120239,-83.288117,9227,26681,0,0,2,17,70,12.379287878820733
329,Irwinton,,32.7615,-83.1612,1477,22485,0,0,1,18,67,19.976262896920275
330,Irwinville,,31.70628300000001,-83.408633,6737,17566,0,1,3,16,42,8.778331541124176
331,Jacksonville,,31.840974,-82.96137,778,20139,0,0,0,12,45,20.16563952640791
332,Jefferson,,34.112581,-83.58251,24892,30514,0,1,5,31,74,9.837321891687203
333,Jeffersonville,,32.63078400000001,-83.37026999999998,3463,19853,0,0,3,16,70,15.250974914062494
334,Jekyll Island,,31.064190000000004,-81.42071999999997,568,-666666666,0,1,1,2,15,8.543903007103893
335,Jenkinsburg,,33.325951,-84.03345999999998,2060,25606,1,1,2,42,81,3.5657689066391836
336,Jersey,,33.717989,-83.801451,38445,24106,0,2,4,40,81,6.301439998988144
337,Jewell,,33.285774,-82.7749,49,-666666666,0,0,0,11,63,20.046562129010454
338,Jonesboro,,33.507507333333336,-84.35448433333333,46166,26475,0,2,12,41,81,5.353689921802189
339,Juliette,,33.054590999999995,-83.78583,3198,24131,0,1,6,19,74,9.397528683559894
340,Junction City,,32.614374,-84.44513,585,11987,0,0,1,14,67,19.74395579551412
341,Kathleen,,32.509384000000004,-83.64773000000002,14625,38209,0,3,5,17,64,7.431826214610163
342,Kennesaw,,34.020548,-84.61549000000001,49565,35982,0,1,12,42,70,5.057354950518869
343,Keysville,,33.162490000000005,-82.18933,2024,26652,0,0,0,9,36,22.978704181387908
344,Kings Bay,,30.804684,-81.627717,1420,21594,0,0,0,1,14,26.917554310004665
345,Kingsland,,30.793409000000004,-81.68428,21146,27743,0,0,0,2,14,28.865072113377458
346,Kingston,,34.237986,-84.97801,7142,29190,0,0,5,32,61,10.80334759607406
347,Kite,,32.69992,-82.51380999999998,1856,23488,0,0,1,8,46,12.202834201617193
348,Knoxville,,32.742085,-83.94646,861,14004,0,0,5,18,76,14.43210626971351
349,La Fayette,,34.696201,-85.25824,20609,21067,0,0,2,9,49,16.846756907562735
350,Lagrange,,33.03740766666667,-85.03748166666666,26548,23825,0,0,0,11,59,22.971186236637717
351,Lake Park,,30.722890000000003,-83.13302,10640,22008,0,0,1,7,20,13.203098730309675
352,Lakemont,,34.763553,-83.44201,1805,25919,0,0,2,9,51,12.92469288986943
353,Lebanon,,34.242944,-84.458326,41105,37370,1,1,6,42,67,1.048771501441484
354,Leesburg,,31.714526,-84.16931,24186,36161,0,2,2,9,36,7.45645761202906
355,Lenox,,31.281732000000005,-83.45616700000002,2891,22323,0,0,3,16,31,12.041290367820224
356,Leslie,,31.98309,-84.06866,1514,23716,0,0,2,9,39,12.399522225462396
357,Lexington,,33.863779,-83.06063,3094,24657,0,0,0,13,70,20.24015127562998
358,Lilburn,,33.91636200000001,-84.07720450000001,65420,31381,1,2,19,44,78,4.7090215453617645
359,Lilly,,32.148624,-83.88003,140,18750,0,0,2,15,47,13.134134857292404
360,Lincolnton,,33.765566,-82.43899,7642,24737,0,0,2,7,36,17.10135149547963
361,Lindale,,34.175095,-85.18084,4339,22784,0,2,3,17,57,5.8001616217601315
362,Lithia Springs,,33.776137,-84.64484,25786,29476,0,2,18,41,76,5.624764542460027
363,Lizella,,32.788484000000004,-83.80726,8557,31168,0,1,8,17,75,8.691692263747015
364,Locust Grove,,33.351277,-84.10645,25161,33352,0,1,2,41,81,8.132049863765038
365,Loganville,,33.823809000000004,-83.89423000000002,65959,31550,0,1,7,42,77,8.459552601920507
366,Lookout Mountain,,34.957134,-85.37183,4753,15104,0,1,1,6,32,6.160369015261523
367,Louisville,,33.008983,-82.37799999999999,5386,19028,0,0,0,11,40,24.75767248139298
368,Louvale,,32.154164,-84.83856999999998,234,38594,0,0,0,4,31,23.99508617183033
369,Lovejoy,,33.437428000000004,-84.31519,656,7455,0,0,3,40,78,10.686670424029439
370,Ludowici,,31.74991,-81.75813000000002,13243,26653,0,0,2,11,24,11.11783526240022
371,Lula,,34.391688,-83.65979,7687,27146,0,0,3,19,68,10.775436739187315
372,Lumber City,,31.928525,-82.69332,2157,17421,0,1,1,11,46,7.0537237848675405
373,Lumpkin,,32.030297,-84.81218,3677,15625,0,0,0,6,31,32.567859904342846
374,Luthersville,,33.201986,-84.69943,2316,25291,0,0,2,27,71,11.212898243181735
375,Lyerly,,34.376063,-85.4043,1933,18023,0,0,2,10,48,13.791825915981232
376,Lyons,,32.177508,-82.30448,12092,22341,1,1,2,11,43,4.708708057623542
377,Mableton,,33.817738,-84.56087,41665,36417,1,2,21,44,77,3.703554207555956
378,Manassas,,32.152792,-82.01301,31,-666666666,0,2,3,12,36,6.759188619243841
379,Manchester,,32.862377,-84.60879,5231,19761,1,1,2,10,68,4.709749954027017
380,Manor,,31.101953,-82.58299,801,20547,0,0,2,6,29,11.723102057511626
381,Mansfield,,33.504952,-83.74735,3306,27338,0,1,5,39,82,8.818592726638736
382,Marble Hill,,34.452988,-84.25925,861,-666666666,0,0,3,38,65,10.798476147402948
383,Marshallville,,32.449791,-83.939233,2238,19246,0,0,2,15,60,11.970976011548881
384,Martin,,34.491829,-83.17539000000002,4813,21529,1,1,2,11,57,4.322813268005447
385,Matthews,,33.244829,-82.32636,622,26968,0,0,0,9,42,21.368637591700285
386,Mauk,,32.498727,-84.42804,1361,23194,0,0,0,11,63,27.202544152931726
387,Maxeys,,33.748344,-83.18538000000002,954,25027,0,0,2,16,75,18.68591341647193
388,Maysville,,34.258054,-83.56058,5998,20858,0,1,4,21,73,5.915959726638657
389,McCaysville,,34.977037,-84.39839,2273,21648,1,1,1,9,53,4.310060621929272
390,McIntyre,,32.875574,-83.19785,1543,24091,0,0,1,17,75,15.010961665226336
391,McRae,,32.045313,-82.8916,8194,18310,0,0,1,11,47,19.369017342857095
392,Mcdonough,,33.459709000000004,-84.12684499999999,50731,34107,0,0,6,43,81,13.774272094205896
393,Meansville,,33.015476,-84.32186999999998,2589,28670,0,1,2,21,74,8.973417926310603
394,Meigs,,31.082141,-84.05767,2774,18770,0,0,3,11,22,13.41510290773735
395,Meldrim,,32.141974,-81.37892,432,30022,0,0,3,10,21,15.6973817078621
396,Menlo,,34.553484999999995,-85.47893,2221,25386,0,0,0,8,47,25.03960976628576
397,Meridian,,31.478486,-81.34528,7900,27430,0,0,0,5,18,22.44434893720033
398,Mershon,,31.496025,-82.27322,963,17451,0,0,1,8,33,19.18104733198217
399,Mesena,,33.432384000000006,-82.625213,4205,19797,0,1,1,12,52,9.478385678128586
400,Midland,,32.566196999999995,-84.84121999999998,10815,45584,0,1,2,5,55,6.7772255229429765
401,Midville,,32.792831,-82.23715,1701,20953,0,0,2,14,40,15.204502643800582
402,Midway,,31.788811,-81.37637,8258,30553,0,0,1,9,18,13.667640100911818
403,Milan,,32.003035,-83.06336999999998,1866,21939,0,0,1,11,48,14.249828937255769
404,Millwood,,31.281103,-82.6201,842,19049,0,0,2,11,32,16.557624206814744
405,Milner,,33.136567,-84.19386,4345,26406,0,1,4,32,75,8.259844715887784
406,Mineral Bluff,,34.949755,-84.28317,4701,20721,0,1,2,9,54,5.62616061581232
407,Mitchell,,33.224199,-82.713,1112,24795,0,0,1,13,54,16.594720500772848
408,Molena,,32.999261,-84.47168,3047,24274,0,0,2,15,74,11.067883011131412
409,Montrose,,32.564036,-83.16019,1193,23144,0,0,2,14,56,12.413492837815623
410,Moreland,,33.277468,-84.75388000000002,2886,31997,0,2,3,33,69,5.536823618427528
411,Morganton,,34.887912,-84.2098,4759,22082,0,1,2,12,54,9.56725560339957
412,Morrow,,33.5442285,-84.34069149999998,37590,24475,1,1,13,44,80,3.7225077793874823
413,Morven,,30.935087,-83.50211,1107,16146,0,0,3,12,23,10.225946387757096
414,Mount Airy,,34.549681,-83.47201,5955,25963,1,2,2,13,58,4.294708901183922
415,Mount Berry,,34.280355,-85.182085,1935,3561,2,2,3,17,56,0.7720615130662436
416,Mount Vernon,,32.186824,-82.59170999999998,3929,14563,0,0,1,10,49,12.746254451260137
417,Mount Zion,,33.643002,-85.181782,35575,21845,0,2,3,20,59,5.5172015398533265
418,Mountain City,,34.917466,-83.38486999999998,1386,16843,0,0,0,8,47,21.03649799759554
419,Murrayville,,34.466226,-83.88441999999998,3414,25034,0,1,2,25,66,6.517229096225029
420,Musella,,32.799959,-84.00588,1492,26875,0,0,3,17,73,16.337099481010853
421,Mystic,,31.620866,-83.24975400000002,6737,17566,1,2,3,14,40,1.2080646934315438
422,Nahunta,,31.17326,-81.97244,4369,16798,0,0,0,4,24,22.528153938988822
423,Naylor,,30.934298,-83.08841,1966,25788,0,1,2,11,25,7.444310992154602
424,Nelson,,34.242944,-84.458326,14606,33798,1,1,6,42,67,1.048771501441484
425,Newborn,,33.500008,-83.67165,2217,29643,0,0,3,39,82,12.335095376564498
426,Newington,,32.567281,-81.48626999999998,1251,17946,0,0,3,9,22,15.681047487619882
427,Nicholls,,31.49598300000001,-82.62928000000002,8611,22315,0,0,1,9,39,13.898284600197297
428,Nicholson,,34.094345000000004,-83.41617,4424,26805,0,2,3,20,71,9.113562326097457
429,Norcross,,33.95016316666667,-84.1219645,38581,29016,1,2,20,43,77,4.192946458944575
430,Norman Park,,31.256287,-83.66005,6204,20124,0,0,3,14,28,11.469246010601397
431,Norristown,,32.505913,-82.49502,13598,20101,0,0,1,11,46,10.500906158485673
432,Norwood,,33.477946,-82.73454,765,21974,0,0,2,12,66,13.792054257505702
433,Nunez,,32.49126,-82.36787,76,41250,0,1,3,11,45,7.097645236236212
434,Oakfield,,31.723178000000004,-83.9628,536,20446,0,0,3,12,37,14.573458731768476
435,Oakman,,34.569015,-84.711863,3779,26104,0,0,3,19,60,12.885905264273374
436,Oakwood,,34.236556,-83.89115,7736,27851,0,2,4,39,73,6.3381858002939255
437,Ochlocknee,,30.977162,-84.0615,3547,24837,0,0,3,10,21,11.73985161583232
438,Oconee,,32.860031,-82.95019,252,25227,0,0,1,15,53,12.64110842971314
439,Odum,,31.670475,-82.04944,2793,22345,0,0,1,9,29,10.024996396369074
440,Offerman,,31.412649,-82.11554100000002,88,18958,0,0,2,8,29,18.160913190930486
441,Oglethorpe,,32.329164,-84.07988,5079,24861,1,1,1,14,48,3.7906350813379994
442,Oliver,,32.528104,-81.533198,163,25625,0,0,3,11,23,15.917553185607915
443,Omaha,,32.1342,-84.98499,263,18622,0,0,0,3,29,23.84479506985306
444,Omega,,31.334062,-83.59971,3339,21320,0,0,4,16,29,11.410764994341276
445,Orchard Hill,,33.265656,-84.298964,25142,27683,1,1,3,38,76,2.581735269160717
446,Oxford,,33.658113,-83.86249000000002,11904,25394,1,2,4,40,81,4.00161985948498
447,Palmetto,,33.527793,-84.69453,10434,23888,0,0,6,39,72,10.528802826404654
448,Patterson,,31.372403,-82.10743000000002,3229,25316,0,0,2,8,28,17.480531753075468
449,Pavo,,30.966781,-83.72075,2316,20846,0,0,4,10,23,11.510417549337125
450,Peachtree City,,33.398992,-84.57061999999998,35904,47760,0,1,4,37,73,5.17348037601164
451,Pearson,,31.27291,-82.83341999999998,4779,20696,0,0,2,11,32,16.479428579619736
452,Pelham,,31.117271,-84.15678,9998,22604,0,1,1,9,22,8.266679228022895
453,Pembroke,,32.163245,-81.64211,7640,24346,0,0,2,12,24,15.044399844384273
454,Pendergrass,,34.167309,-83.68536,3188,29817,0,1,4,37,73,9.339601578749104
455,Perkins,,32.914843,-81.87901,784,17292,0,1,2,10,27,8.272118511358478
456,Perry,,32.460791,-83.73541,20167,25963,0,0,4,16,61,10.028999947215437
457,Pine Lake,,33.791505,-84.20642,727,40599,3,8,22,44,79,3.399658598166778
458,Pine Mountain,,32.867211,-84.88436999999998,5929,26832,0,0,1,9,64,11.795640424049246
459,Pine Mountain Valley,,32.801174,-84.82038,797,25568,0,0,2,8,61,10.028259743595232
460,Pinehurst,,32.185677,-83.76348,985,29792,0,0,3,17,50,14.379116419916793
461,Pineview,,32.13702,-83.52604000000002,1200,20574,0,0,2,17,50,11.251364562084579
462,Pitts,,31.951839,-83.56747,1357,23417,0,0,1,15,48,12.68486812698283
463,Plains,,32.026125,-84.39361,2100,20239,0,1,1,8,39,8.573401279954442
464,Plainville,,34.409661,-85.03345,2143,23214,0,1,4,17,58,9.244094520600523
465,Pooler,,32.110421,-81.24568000000002,25459,40454,0,0,3,7,16,10.26223796515963
466,Portal,,32.55565900000001,-81.9242,2192,15615,0,0,3,9,34,13.155839454435135
467,Porterdale,,33.576043,-83.89820999999998,484,12149,1,2,5,40,82,3.3894026233199703
468,Poulan,,31.526584000000003,-83.79025,2264,23711,1,1,2,13,36,3.1244808768361563
469,Powder Springs,,33.87455300000001,-84.68784000000002,67688,34615,1,3,15,40,73,4.925014391059722
470,Preston,,32.051618,-84.53419,1695,20767,0,0,1,7,35,16.3815428973155
471,Pulaski,,32.414349,-82.086658,47,-666666666,1,1,3,11,40,1.3225566346655482
472,Putney,,31.543065,-84.219594,32477,16814,1,2,2,8,34,4.912815414582437
473,Rabun Gap,,34.952452,-83.4073,1645,27471,0,0,1,6,46,19.66580603860075
474,Ranger,,34.531444,-84.69955,3779,26104,0,0,3,24,60,13.019472418091155
475,Ray City,,31.070627,-83.20286,5053,24453,0,2,4,13,27,7.182504971600811
476,Rayle,,33.775127000000005,-82.94624,1204,15085,0,0,1,11,68,12.158436801558027
477,Rebecca,,31.767986,-83.47325,883,26758,0,0,2,15,42,13.466171759219957
478,Red Oak,,33.625894,-84.516327,75514,28266,0,1,14,40,75,7.976726154664901
479,Redan,,33.891251000000004,-84.07455999999998,57658,27221,0,2,20,44,78,5.943181165686177
480,Register,,32.327219,-81.89818000000002,1372,24971,0,1,3,10,30,9.588321785562215
481,Rentz,,32.370333,-82.96091,2677,20211,0,0,2,12,56,11.206670607913122
482,Resaca,,34.604648,-84.91926,6334,23011,0,1,3,13,56,6.5223355695198855
483,Rex,,33.582877,-84.26906,14663,29719,0,1,15,43,81,6.961759981463633
484,Reynolds,,32.54748,-84.10042,3414,19802,0,0,1,17,65,17.94017550821886
485,Rhine,,31.953407,-83.18058,1395,20714,0,0,2,11,47,15.9851883890258
486,Riceboro,,31.658252,-81.48778,1213,21571,0,0,1,8,18,14.153457085047288
487,Richland,,32.109225,-84.66063,2358,22500,0,0,0,6,32,23.93764299704664
488,Richmond Hill,,31.913115500000004,-81.31830749999999,25643,37143,0,0,3,8,17,15.056190299365516
489,Rincon,,32.293147,-81.23006,20230,34103,0,1,3,8,20,7.21312163818547
490,Ringgold,,34.916552,-85.14435,43149,29406,0,1,2,7,44,7.1080745875742055
491,Rising Fawn,,34.793833,-85.49945,3766,23759,0,0,1,6,40,17.038342160073196
492,Roberta,,32.702635,-84.03811,2973,22416,0,0,1,17,71,17.590966395755533
493,Rochelle,,31.933079,-83.45721999999998,2161,24764,0,0,2,16,48,19.283318644871333
494,Rock Spring,,34.801988,-85.21956,6460,29036,0,0,2,8,46,10.30519373472643
495,Rockledge,,32.432854,-82.72979000000002,680,18226,0,0,1,10,51,14.624968507562567
496,Rockmart,,33.987497,-85.05508,18375,24357,0,1,4,35,62,8.32350916515597
497,Rocky Face,,34.757918,-85.05879,8457,28792,1,1,4,10,54,4.7519968862741
498,Rocky Ford,,32.697762,-81.81036,465,22095,0,0,3,9,26,10.181302430863562
499,Roopville,,33.434562,-85.16973,2943,25863,0,0,2,12,61,10.819975750231361
500,Rossville,,34.96311,-85.27405,28535,21496,1,1,1,6,42,1.2529645306279875
501,Royston,,34.270167,-83.12841999999998,9077,19505,0,0,3,11,61,11.747352134936243
502,Rupert,,32.419094,-84.28475,72,-666666666,0,0,1,16,56,17.211138575416943
503,Rutledge,,33.614556,-83.61157,3052,20060,0,1,3,37,81,8.629965441208238
504,Rydal,,34.346142,-84.73232,3467,25700,0,0,4,37,61,10.597768339625306
505,Saint Marys,,30.761081,-81.56912,21307,29862,0,0,0,1,12,28.982570109157887
506,Saint Simons Island,,31.176516,-81.3802,16402,42933,0,1,1,3,15,6.177772679565214
507,Sale City,,31.258794,-84.02897,764,25292,0,0,2,10,27,10.628029875940243
508,Sapelo Island,,31.423776,-81.27064,187,45649,0,0,0,5,16,21.279334873776314
509,Sardis,,32.969028,-81.79396,1936,20675,0,0,2,10,27,13.984614723071289
510,Sargent,,33.431181,-84.86733000000002,0,-666666666,0,2,3,32,70,7.084767767666728
511,Sautee Nacoochee,,34.696896,-83.68012,3545,29688,0,0,2,13,60,11.40945885097573
512,Scotland,,32.046427,-82.81923,411,22371,0,0,1,11,47,18.030546053971392
513,Scottdale,,33.791537,-84.25994,2824,27753,6,17,22,44,78,1.0214152645670938
514,Screven,,31.515981,-82.04908,2853,23512,0,0,1,8,28,10.555635590869722
515,Sea Island,,31.198914,-81.332211,39,-666666666,0,1,1,3,15,9.162991121018743
516,Senoia,,33.281102000000004,-84.58017,15245,34839,0,0,4,35,71,11.423416627856193
517,Seville,,31.989039,-83.394574,43,14453,0,0,1,15,49,18.560530663390878
518,Shady Dale,,33.421694,-83.61433000000002,1292,22500,0,1,4,30,81,8.489892187500502
519,Shannon,,34.333308,-85.233721,34286,23357,1,2,2,15,54,4.48341428521613
520,Sharon,,33.560693,-82.80015,28,30500,0,0,2,13,68,12.041190071985309
521,Sharpsburg,,33.387534,-84.65511,22247,39430,0,3,3,35,71,5.955549972226495
522,Shiloh,,32.803518,-84.69384000000002,2238,22196,0,1,1,9,65,5.945656905170754
523,Siloam,,33.535009,-83.07786999999998,67,16375,0,0,1,13,73,10.179814467691827
524,Silver Creek,,34.145931,-85.14341999999998,5799,25726,0,3,3,23,58,8.062491597053025
525,Smarr,,32.989503000000006,-83.876108,16459,25070,1,1,5,21,76,4.955147249467746
526,Smithville,,31.901066,-84.25036999999998,1566,21579,0,0,1,7,37,11.430669345309262
527,Smyrna,,33.86458433333333,-84.58395999999998,46577,40105,1,2,20,44,75,1.3063073678513726
528,Snellville,,33.841579499999995,-84.02757,40975,31806,0,1,17,42,77,8.400342130875982
529,Social Circle,,33.65072,-83.70779,9308,31112,0,1,4,39,82,8.761630001416343
530,Soperton,,32.387040999999996,-82.58272,5885,21206,0,0,2,12,49,17.23551079288244
531,Sparks,,31.178118,-83.4375115,3660,18750,1,1,2,14,30,4.818654188440338
532,Sparta,,33.260234999999994,-83.00647,8685,20770,0,0,1,12,73,18.162425963654286
533,Stapleton,,33.234802,-82.46303,1837,18444,0,0,1,11,44,19.992161614984642
534,Statenville,,30.703175,-83.02568000000002,912,26356,0,0,1,6,21,18.953086585476157
535,Statham,,33.957713,-83.58491,10214,27892,0,1,5,38,81,7.864085463299186
536,Stephens,,33.784316,-83.16666,954,25027,0,0,1,16,74,18.049598869694183
537,Stillmore,,32.439708,-82.22278,83,16429,0,1,3,10,41,9.451053430057248
538,Stockbridge,,33.547578,-84.21809,67533,31020,0,0,14,43,81,10.139601872234307
539,Stockton,,30.957421000000004,-83.00524,1096,32178,0,1,3,11,25,7.5739546997699225
540,Stone Mountain,,33.81660425,-84.14583,46658,26085,0,4,21,46,78,5.935444669367786
541,Suches,,34.731084,-84.07943,796,21199,0,0,2,14,59,12.574923737128659
542,Sugar Valley,,34.574804,-85.02481999999998,940,21581,0,1,3,13,55,7.169500121707274
543,Summerville,,34.4871655,-85.337412,15438,22099,0,0,2,8,50,16.630660243512793
544,Sumner,,31.484091,-83.73515,855,24138,0,1,2,14,33,6.494379447239583
545,Sunny Side,,33.345253,-84.289814,96,25938,0,1,4,41,77,7.4171056650718645
546,Surrency,,31.715778000000004,-82.19784,1296,23250,0,0,1,9,32,19.250086240703983
547,Suwanee,,34.052698,-84.07485,77334,44131,0,3,11,41,74,6.247105348138465
548,Sycamore,,31.652542,-83.57934,1788,22479,0,0,4,15,38,13.545046815924273
549,Talbotton,,32.683146,-84.52243,2174,19152,0,0,2,11,64,17.01386143313533
550,Talking Rock,,34.537611,-84.51135,5544,22759,0,1,1,25,62,7.295085718179378
551,Tallapoosa,,33.74653,-85.29001099999998,6594,25903,0,1,3,14,58,8.599786532343355
552,Tallulah Falls,,34.742007,-83.397716,219,49114,0,0,2,9,53,10.661287332870788
553,Talmo,,34.191571,-83.71124,1533,26052,0,2,4,38,73,8.782936725940163
554,Tarrytown,,32.309128,-82.52255,338,27708,0,0,1,11,50,11.017620294339732
555,Tate,,34.418116,-84.38462,1427,36202,1,1,2,38,65,4.093844639328918
556,Taylorsville,,34.113826,-84.97274,2971,24628,0,0,5,36,63,11.857931071326396
557,Temple,,33.76324,-85.02667,19109,26907,0,2,6,33,64,6.45852707554031
558,Tennga,,34.981449,-84.735233,40,28971,0,0,2,7,52,14.152692054189906
559,Tennille,,32.89115,-82.82775,4695,21113,0,1,1,11,50,7.349838067481912
560,The Rock,,32.995865,-84.25092,639,17227,0,1,3,20,72,9.074765572920382
561,Tiger,,34.846806,-83.48178,2310,22466,0,0,3,8,49,16.911393076771
562,Tignall,,33.912362,-82.6684,1452,19680,0,0,2,10,58,13.362052649366774
563,Toomsboro,,32.801223,-83.06671,959,17121,0,0,1,16,61,19.697334764588085
564,Townsend,,31.547412,-81.3862,7900,27430,0,0,0,5,18,23.769979472241832
565,Trenton,,34.895625,-85.52702,8463,25761,0,0,1,6,29,15.346734589120604
566,Trion,,34.558404,-85.30301,7330,22940,0,0,0,9,50,20.369031271335988
567,Tunnel Hill,,34.85973,-85.03867,8813,25581,0,1,3,9,49,5.699565055233397
568,Turin,,33.32603,-84.637108,276,-666666666,0,2,3,35,71,7.173132423827901
569,Turnerville,,34.676584000000005,-83.43578000000002,12230,25393,0,2,2,11,55,7.63539048749483
570,Twin City,,32.547214000000004,-82.17048,5085,18584,0,0,2,10,39,10.776912038745271
571,Ty Ty,,31.47387,-83.66484,1781,20161,0,0,2,16,33,10.25869854983
572,Tybee Island,,32.006671999999995,-80.84937,3583,42413,0,0,2,4,14,14.149199408966252
573,Tyrone,,33.48012,-84.58724000000002,8677,40398,1,1,5,38,73,4.943511828724929
574,Unadilla,,32.24473,-83.72075,4353,21571,0,0,3,15,51,14.302791059675599
575,Union City,,33.58087800000001,-84.54611,21399,24219,0,2,14,42,74,9.024856474787082
576,Union Point,,33.652489,-83.08856999999998,3429,18477,0,0,1,14,74,14.749626964729803
577,Upatoi,,32.557718,-84.73957,956,48500,0,0,2,6,57,12.453101910516544
578,Uvalda,,32.03096,-82.48796999999998,2445,26115,0,0,2,11,42,13.887099369761863
579,Varnell,,34.9298,-84.988536,138,18846,0,1,3,8,49,9.640669703450904
580,Vienna,,32.091578000000005,-83.79311,7133,18784,0,1,2,15,45,7.887727283762651
581,Waco,,33.658254,-85.23496999999998,2498,19109,0,1,3,19,58,6.575381967587897
582,Wadley,,32.872098,-82.4023,2911,16288,0,0,1,13,44,19.515177081366502
583,Waleska,,34.332315,-84.57700000000001,6279,29380,0,1,3,39,66,9.502991057971974
584,Walthourville,,31.77789000000001,-81.64534,40916,28303,1,1,2,10,23,4.981915987156787
585,Waresboro,,31.018954,-82.416543,20624,25843,0,0,1,4,23,14.77208586004529
586,Warrenton,,33.399555,-82.65655,4205,19797,0,0,1,11,55,12.34251419838537
587,Warthen,,33.125097,-82.81018,1217,27788,0,1,1,10,58,8.909023342039267
588,Warwick,,31.782466,-83.86973,1130,18021,0,0,2,13,39,14.41108924857351
589,Watkinsville,,33.849286,-83.41232,18337,37228,0,1,3,22,76,7.770614563688474
590,Waverly,,31.066479,-81.62656,2008,28592,0,0,1,3,18,11.279546824470913
591,Waverly Hall,,32.698622,-84.71552,3556,26310,0,0,2,8,62,13.275660767038891
592,Waynesboro,,33.080965,-81.9944,13828,23614,0,0,1,11,33,19.383058652025717
593,Waynesville,,31.144635,-81.83010999999998,4839,18019,0,0,0,4,21,20.58574553829918
594,West Green,,31.631943,-82.71829,842,23750,0,0,2,13,46,11.992067322436613
595,West Point,,32.867469,-85.13779,7188,25285,0,0,0,7,54,25.385180276818186
596,Weston,,31.973541,-84.62522,274,17973,0,0,0,7,33,22.63177200066434
597,White,,34.236128,-84.72539,6612,27879,1,1,2,38,66,4.63018895271005
598,White Oak,,31.003385,-81.79512,685,19242,0,0,0,3,21,21.90069396093513
599,White Plains,,33.46171,-83.05852,1242,21266,0,0,1,12,75,10.694277704297447
600,Whitesburg,,33.517698,-84.91725,4160,22486,0,1,6,32,69,9.74953726962729
601,Wildwood,,34.954188,-85.43231999999998,2128,21163,0,1,1,5,30,9.566550472251713
602,Wiley,,34.797611,-83.42329000000002,33,-666666666,0,0,2,8,49,14.748068216189534
603,Willacoochee,,31.37516500000001,-83.01949,3404,22500,0,0,2,13,36,13.091058146388514
604,Williamson,,33.169646,-84.37168,5772,27884,0,1,2,31,75,7.722422116028866
605,Winston,,33.670405,-84.83809000000002,7918,35529,0,2,6,37,70,6.827236534619816
606,Winterville,,33.954047,-83.2673,6601,23920,0,1,1,17,73,7.5217602559616195
607,Woodbine,,30.915778000000003,-81.67924000000002,5831,28438,0,0,0,3,15,21.29280957741641
608,Woodbury,,32.973728,-84.5903,2948,18898,0,1,2,12,70,7.936232536612993
609,Woodland,,32.797475,-84.54095,849,23859,0,0,2,13,69,10.419151420934451
610,Woodstock,,34.112796,-84.52803,50860,39541,0,2,10,44,68,8.771629409683614
611,Wray,,31.621764,-83.05502,843,23705,0,0,3,13,42,11.644586406430935
612,Wrens,,33.200325,-82.37625,3065,18634,0,0,0,9,43,23.397404028231854
613,Wrightsville,,32.71732,-82.68926,7046,20232,0,0,1,9,49,19.85591460255668
614,Yatesville,,32.912207,-84.14811999999998,1656,27000,0,0,2,18,75,11.117247241030228
615,Young Harris,,34.954638,-83.86484,5038,15867,0,2,2,8,53,6.330751591380367
616,Zebulon,,33.101704999999995,-84.31251999999998,4352,31654,0,1,2,28,74,9.838702330350978
