City,Unnamed: 0,ZIP,State,Latitude,Longitude,County,Median Income,Total Population
Abbeville,465,31001,GA,31.972626,-83.33081999999997,Abbeville County,20880.0,4563.0
Acworth,313,30102,GA,34.097998,-84.6183,Cobb County,33711.5,99683.0
Adairsville,280,30103,GA,34.368646999999996,-84.92452,Bartow County,24570.0,16138.0
Adel,673,31620,GA,31.133004,-83.42736,Dallas County,25632.0,10836.0
Adrian,733,31002,GA,32.549853999999996,-82.56948,Lenawee County,19562.0,3071.0
Ailey,248,30410,GA,32.196135999999996,-82.50985,New York County,26628.0,1715.0
Alamo,208,30411,GA,32.146031,-82.792,Tulsa County,28321.0,4766.0
Alapaha,668,31622,GA,31.37966500000001,-83.21803,Berrien County,23214.0,1972.0
Albany,70,31700,GA,31.564273999999997,-84.165407,Albany County,21141.5,97727.0
Allenhurst,472,31301,GA,31.764663,-81.6098,Monmouth County,23444.0,4006.0
Allentown,205,31003,GA,32.600621999999994,-83.22095999999998,Lehigh County,19375.0,88.0
Alma,84,31510,GA,31.551458,-82.44618,Crawford County,20124.0,9914.0
Alpharetta,123,30005,GA,34.080034999999995,-84.21929,Fulton County,49413.5,189192.0
Alston,828,30412,GA,32.083878999999996,-82.47988000000002,Dorchester County,26786.0,69.0
Alto,770,30510,GA,34.455729,-83.58913000000003,Cherokee County,20189.0,9042.0
Ambrose,329,31512,GA,31.57344,-83.01501999999998,Baltimore County,21716.0,2131.0
Americus,23,31719,GA,32.085491,-84.25266500000002,Sumter County,21422.0,24804.0
Andersonville,908,31711,GA,32.195361,-84.137,Cook County,18912.0,967.0
Appling,380,30802,GA,33.620669,-82.30514000000002,Shelby County,23555.0,6147.0
Arabi,897,31712,GA,31.836577000000002,-83.72045,St. Bernard Parish,21425.0,1084.0
Aragon,968,30104,GA,34.065792,-85.07226999999997,,,
Argyle,661,31623,GA,31.071563,-82.65231999999997,Denton County,15833.0,113.0
Arlington,518,31713,GA,31.427845,-84.71025,Tarrant County,,
Armuchee,469,30105,GA,34.448075,-85.15313,Floyd County,30729.0,1776.0
Arnoldsville,752,30619,GA,33.863663,-83.24825,Oglethorpe County,22368.0,1277.0
Ashburn,14,31714,GA,31.709742,-83.66519,Loudoun County,22190.0,5866.0
Athens,227,30608,GA,33.944339,-83.38908,,,
Atlanta,0,31150,GA,33.844371,-84.47405,Fulton County,35863.5,988350.0
Attapulgus,819,31715,GA,30.743234,-84.48229,Decatur County,,
Auburn,607,30011,GA,34.022974,-83.83416,Lee County,26042.0,15428.0
Augusta,32,30919,GA,33.386041,-82.09099599999998,Richmond County,22314.0,204303.0
Austell,547,30168,GA,33.797456,-84.60621,Cobb County,27179.0,48043.0
Avera,209,30803,GA,33.163467,-82.52017,Lincoln County,24306.0,965.0
Avondale Estates,717,30002,GA,33.772121999999996,-84.26491,DeKalb County,35693.0,5920.0
Axson,903,31624,GA,31.297883000000002,-82.71029,Atkinson County,24761.0,1468.0
Baconton,580,31716,GA,31.3709,-84.12921,Mitchell County,22798.0,2960.0
Bainbridge,337,31718,GA,30.901863,-84.570049,Decatur County,,
Baldwin,848,30511,GA,34.469971,-83.50035,Douglas County,25438.0,4009.0
Ball Ground,902,30107,GA,34.344939000000004,-84.37204,Cherokee County,33798.0,14606.0
Barnesville,659,30204,GA,33.05413,-84.14862,Lamar County,18894.0,12940.0
Barney,363,31625,GA,31.003273999999998,-83.5282,Sedgwick County,19658.0,972.0
Bartow,244,30413,GA,32.884137,-82.50969,Polk County,19507.0,1805.0
Barwick,711,31720,GA,30.890906,-83.73816,ThÃ©rÃ¨se-De Blainville,22176.0,296.0
Baxley,273,31513,GA,31.768849,-82.35198000000003,Appling County,20967.0,16247.0
Bellville,390,30414,GA,32.154990000000005,-81.97825999999998,Austin County,,
Berlin,977,31722,GA,31.067313000000002,-83.62288000000002,,,
Bethlehem,804,30620,GA,33.928948999999996,-83.73524,,,
Bishop,496,30621,GA,33.804849,-83.48164,Inyo County,39174.0,5726.0
Blackshear,159,31516,GA,31.307234,-82.25779,Tom Green County,21948.0,14541.0
Blairsville,150,30514,GA,34.903397999999996,-84.01915699999998,Union County,24412.0,21080.0
Blakely,348,31723,GA,31.334336999999998,-84.94899000000002,Early County,,
Bloomingdale,224,31302,GA,32.129474,-81.33121,Allen County,27154.0,8139.0
Blue Ridge,156,30513,GA,34.851171,-84.32905,Fannin County,26086.0,11753.0
Bluffton,746,31724,GA,31.528299,-84.86025,Beaufort County,,
Blythe,666,30805,GA,33.297318,-82.21503,Riverside County,24571.0,2735.0
Bogart,766,30622,GA,33.927792,-83.51552,Oconee County,31600.0,11803.0
Bolingbroke,901,31004,GA,32.946971000000005,-83.800628,Monroe County,,
Bonaire,490,31005,GA,32.556668,-83.62435,,,
Boneville,96,30806,GA,33.527993,-82.5104,McDuffie County,,
Boston,263,31626,GA,30.782963,-83.78882,Suffolk County,23785.0,3211.0
Bostwick,840,30623,GA,33.754234999999994,-83.511055,Putnam County,17714.0,130.0
Bowdon,339,30108,GA,33.533934,-85.26088,Carroll County,21243.0,7351.0
Bowdon Junction,863,30109,GA,33.653355,-85.136227,Carroll County,,
Bowersville,829,30516,GA,34.370551,-83.05998000000002,Hart County,21774.0,2012.0
Bowman,849,30624,GA,34.193943,-83.03375,Bowman County,23739.0,3256.0
Box Springs,217,31801,GA,32.527813,-84.59822,Rogers County,22345.0,3240.0
Braselton,647,30517,GA,34.121974,-83.78604,Jackson County,37419.0,14657.0
Bremen,294,30110,GA,33.723939,-85.14282,,,
Brinson,430,31725,GA,30.945016,-84.72284,Navarro County,,
Bristol,824,31518,GA,31.513510999999998,-82.18481,Sullivan County,20565.0,927.0
Bronwood,199,31726,GA,31.832214,-84.35727,Terrell County,,
Brookfield,464,31727,GA,31.44172,-83.503715,Cook County,,
Brooklet,9,30415,GA,32.3456,-81.62339,Bulloch County,30633.0,6161.0
Brooks,495,30205,GA,33.275707000000004,-84.46706,Wilson County,35662.0,2864.0
Broxton,802,31519,GA,31.67654000000001,-82.88991,Los Angeles County,25177.0,3474.0
Brunswick,10,31525,GA,31.260995,-81.49831999999998,Medina County,26050.0,66927.0
Buchanan,688,30113,GA,33.846270000000004,-85.20291,Botetourt County,24277.0,6649.0
Buckhead,341,30625,GA,33.527207000000004,-83.34676,Fulton County,26886.0,2140.0
Buena Vista,521,31803,GA,32.315915000000004,-84.52238,Chaffee County,21835.0,5487.0
Buford,133,30519,GA,34.089419,-83.94700999999998,Gwinnett County,34818.5,99103.0
Butler,854,31006,GA,32.563544,-84.2461,Butler County,23952.0,4476.0
Byromville,865,31007,GA,32.199721000000004,-83.91327,Dooly County,18878.0,1132.0
Byron,104,31008,GA,32.652313,-83.75918,Cook County,31807.0,18381.0
Cadwell,175,31009,GA,32.309003000000004,-83.02646999999997,Benton County,16112.0,1317.0
Cairo,485,31728,GA,30.870390000000004,-84.21343,,,
Calhoun,201,30703,GA,34.479065999999996,-84.76216099999998,Gordon County,24110.0,40820.0
Calvary,787,31729,GA,30.729915000000002,-84.34761999999998,Wilson County,,
Camak,146,30807,GA,33.453039000000004,-82.64828,Warren County,32708.0,70.0
Camilla,883,31730,GA,31.209853999999996,-84.23666999999998,Mitchell County,21584.0,8419.0
Canon,154,30520,GA,34.338008,-83.09656,Los Angeles County,18854.0,5179.0
Canton,57,30114,GA,34.228478,-84.50402,Stark County,34793.0,94315.0
Carlton,595,30627,GA,33.994139000000004,-82.97819,Tulsa County,21594.0,2393.0
Carnesville,291,30521,GA,34.360544,-83.28544000000002,Franklin County,25852.0,5042.0
Carrollton,203,30119,GA,33.618930999999996,-85.073582,Dallas County,21845.0,61916.0
Cartersville,108,30121,GA,34.200264000000004,-84.77533000000003,Bartow County,28639.0,64626.0
Cassville,969,30123,GA,34.244178999999995,-84.84568399999998,Barry County,,
Cataula,749,31804,GA,32.651617,-84.88805,Harris County,33027.0,5865.0
Cave Spring,161,30124,GA,34.118206,-85.34000999999998,Floyd County,27203.0,2896.0
Cecil,416,31627,GA,31.047996,-83.39135,Tulsa County,20703.0,247.0
Cedar Springs,5,31732,GA,31.169794,-85.0557,Kent County,,
Cedartown,397,30125,GA,34.010162,-85.25761999999997,Polk County,23343.0,23814.0
Centerville,493,31028,GA,32.632111,-83.67795,Montgomery County,34868.0,6464.0
Chatsworth,876,30705,GA,34.753129,-84.77502,Los Angeles County,24457.0,33460.0
Chauncey,196,31011,GA,32.108676,-83.06006,Lawrence County,23958.0,694.0
Cherrylog,486,30522,GA,34.801665,-84.37931,Gilmer County,23906.0,897.0
Chester,667,31012,GA,32.396381,-83.16892,Cheshire West and Chester,24198.0,3099.0
Chestnut Mountain,598,30502,GA,34.212993,-83.79485799999998,Jo Daviess County,,
Chickamauga,555,30707,GA,34.827019,-85.32883000000002,Walker County,25303.0,15956.0
Chula,767,31733,GA,31.592199,-83.48004,San Diego County,26181.0,1319.0
Cisco,912,30708,GA,34.945576,-84.7113,Benton County,33011.0,234.0
Clarkdale,28,30111,GA,33.912473,-84.557181,Yavapai County,,
Clarkesville,758,30523,GA,34.700311,-83.51879,Habersham County,25393.0,12230.0
Clarkston,620,30021,GA,33.809604,-84.2387,Oakland County,20929.0,24137.0
Claxton,594,30417,GA,32.162077000000004,-81.90984,Evans County,23948.0,10777.0
Clayton,379,30525,GA,34.882362,-83.4156,Johnston County,19946.0,7305.0
Clermont,82,30527,GA,34.481514000000004,-83.78599,Lake County,26373.0,4377.0
Cleveland,216,30528,GA,34.595859000000004,-83.76194,Cuyahoga County,25071.0,24761.0
Climax,564,31734,GA,30.880959999999998,-84.42415,Greenwood County,,
Clinchfield,95,31013,GA,32.338639,-83.692562,Unicoi County,,
Clyo,881,31303,GA,32.508239,-81.3128,Effingham County,26986.0,2621.0
Cobb,919,31735,GA,31.959366999999997,-83.96028000000003,McDonald County,15755.0,715.0
Cobbtown,622,30420,GA,32.301639,-82.11842,Tattnall County,22266.0,845.0
Cochran,418,31014,GA,32.397039,-83.3404,Dallas County,22125.0,13265.0
Cohutta,54,30710,GA,34.935105,-84.94641999999997,Whitfield County,31602.0,7154.0
Colbert,392,30628,GA,34.041416,-83.21996999999998,Bryan County,26875.0,6874.0
Coleman,791,31736,GA,31.650442,-84.87908,Sedgwick County,,
Collins,948,30421,GA,32.186824,-82.10699,Nowata County,22727.0,3322.0
Colquitt,694,31737,GA,31.152253,-84.69653000000002,Miller County,,
Columbus,36,31906,GA,32.468441999999996,-84.95128000000003,Franklin County,21216.5,176213.0
Comer,278,30629,GA,34.072573,-83.11913,Madison County,22107.0,4735.0
Commerce,249,30529,GA,34.210423,-83.46842,Jackson County,25697.0,17765.0
Concord,799,30206,GA,33.109598999999996,-84.45541,Contra Costa County,31576.0,3609.0
Conley,178,30288,GA,33.647275,-84.32753000000002,Clayton County,27808.0,9230.0
Conyers,197,30012,GA,33.696714,-84.01732,Rockdale County,31059.0,88901.0
Coolidge,718,31738,GA,31.012041999999997,-83.87218,Essex County,24940.0,1935.0
Coosa,106,30129,GA,34.333308,-85.233721,,,
Cordele,411,31010,GA,31.917178000000003,-83.785365,Crisp County,17401.0,21549.0
Cornelia,7,30531,GA,34.514215,-83.54118000000003,Habersham County,25113.0,10818.0
Cotton,335,31739,GA,31.260443,-84.253089,Washington County,,
Covington,34,30014,GA,33.581406,-83.851,Kenton County,25747.5,92687.0
Crandall,579,30711,GA,34.93882,-84.76558,Kaufman County,26672.0,3551.0
Crawford,468,30630,GA,33.892957,-83.15548000000003,Crawford County,21301.0,2264.0
Crawfordville,351,30631,GA,33.570316999999996,-82.88542,Wakulla County,19830.0,1647.0
Crescent,631,31304,GA,31.49507100000001,-81.381908,Pottawattamie County,,
Culloden,535,31016,GA,32.861385999999996,-84.11731999999998,Highland Council,20720.0,2033.0
Cumming,242,30041,GA,34.201503,-84.09764,Forsyth County,41686.0,162019.0
Cusseta,183,31805,GA,32.285534999999996,-84.76332,Chattahoochee County,21033.0,2431.0
Cuthbert,80,31740,GA,31.781815,-84.76444000000002,Randolph County,,
Dacula,103,30019,GA,33.981721,-83.88302,Gwinnett County,38465.0,49262.0
Dahlonega,453,30597,GA,34.527671000000005,-83.980879,Lumpkin County,22180.0,26683.0
Daisy,958,30423,GA,32.150061,-81.83478000000002,Benton County,18750.0,121.0
Dallas,90,30157,GA,33.892503999999995,-84.8346,Dallas County,32294.5,89783.0
Dalton,352,30721,GA,34.780699,-84.93994,Whitfield County,25269.5,81843.0
Damascus,869,31741,GA,31.299009,-84.68772,,,
Danielsville,51,30633,GA,34.17085,-83.24654,Madison County,26681.0,9227.0
Danville,85,31017,GA,32.600844,-83.24549,Contra Costa County,20712.0,1913.0
Darien,396,31305,GA,31.407597999999997,-81.39094,Fairfield County,23883.0,5983.0
Davisboro,877,31018,GA,32.976548,-82.61607,Washington County,7448.0,2674.0
Dawson,119,31742,GA,31.756995,-84.43356999999997,Lac qui Parle County,,
Dawsonville,558,30534,GA,34.416521,-84.10849,Dawson County,30879.0,28843.0
De Soto,575,31743,GA,31.930451,-84.02920999999998,Johnson County,9976.0,444.0
Dearing,838,30808,GA,33.397137,-82.40335,Montgomery County,19427.0,4499.0
Decatur,157,30034,GA,33.693448,-84.24743000000002,DeKalb County,26893.0,180825.0
Demorest,906,30544,GA,34.593092,-83.562922,Habersham County,24391.0,7431.0
Denton,423,31532,GA,31.718382000000002,-82.73595,Denton County,19412.0,650.0
Dewy Rose,121,30634,GA,34.212835999999996,-82.94112,Elbert County,19906.0,1802.0
Dexter,626,31019,GA,32.427633,-83.05632,Cowley County,23851.0,2035.0
Dillard,116,30537,GA,34.977198,-83.35161,Benton County,21918.0,1534.0
Dixie,314,31629,GA,30.802821,-83.69126,Washington County,39050.0,732.0
Doerun,24,31744,GA,31.325003999999996,-83.90937,Colquitt County,25365.0,2791.0
Donalsonville,533,31745,GA,30.974364,-84.87703,Seminole County,,
Douglas,59,31534,GA,31.571596000000003,-82.85463100000003,Douglas County,21687.0,28364.0
Douglasville,446,30154,GA,33.689659999999996,-84.74459499999998,Douglas County,30083.0,110248.0
Dover,429,30424,GA,32.767634,-81.629062,Kent,,
Dry Branch,76,31020,GA,32.719907,-83.4905,Twiggs County,18750.0,1688.0
Du Pont,342,31630,GA,30.963729999999998,-82.86455,Johnson County,19868.0,560.0
Dublin,195,31027,GA,32.569122,-82.80959,,,
Dudley,695,31022,GA,32.516865,-83.09905,Worcester County,27457.0,1715.0
Duluth,219,30098,GA,33.960353000000005,-84.037859,St. Louis County,38852.0,114864.0
East Ellijay,710,30539,GA,34.680011,-84.47154,Gilmer County,,
East Point,6,30444,GA,33.696073,-84.450276,Fulton County,,
Eastanollee,942,30538,GA,34.511618,-83.25811,Stephens County,22088.0,3120.0
Eastman,894,31023,GA,32.193953,-83.1848,Dodge County,21081.0,14276.0
Eatonton,878,31024,GA,33.318579,-83.35432,Putnam County,26389.0,20438.0
Eden,302,31307,GA,32.183211,-81.39979,Washington County,18750.0,908.0
Edison,700,31746,GA,31.563327,-84.75869,Middlesex County,,
Elberton,312,30635,GA,34.119972,-82.825,Elbert County,21478.0,14964.0
Elko,128,31025,GA,32.335147,-83.74571,Elko County,51757.0,866.0
Ellabell,245,31308,GA,32.172661,-81.48447,Bryan County,26737.0,7114.0
Ellaville,316,31806,GA,32.246795,-84.32008,Schley County,27406.0,5180.0
Ellenton,910,31747,GA,31.176563,-83.58801,Manatee County,11131.0,156.0
Ellenwood,125,30294,GA,33.639658000000004,-84.26822,Clayton County,31439.0,41782.0
Ellerslie,687,31807,GA,32.634965,-84.80136999999998,Weld County,29924.0,3215.0
Ellijay,732,30540,GA,34.688716,-84.46715999999998,Gilmer County,22275.0,20169.0
Emerson,618,30137,GA,34.124283,-84.75579,Tulsa County,24091.0,1807.0
Enigma,400,31749,GA,31.439212,-83.34040999999998,Tulsa County,22908.0,2649.0
Epworth,683,30541,GA,34.925622,-84.42981,Blair County,23077.0,1580.0
Esom Hill,792,30138,GA,33.99994,-85.172297,Polk County,,
Eton,637,30724,GA,34.822176,-84.75967,,,
Evans,136,30809,GA,33.551145,-82.13949000000002,Washington County,41069.0,45542.0
Experiment,432,30212,GA,33.278205,-84.288803,San Francisco County,,
Fairburn,751,30213,GA,33.565661999999996,-84.59321,Fulton County,30412.0,32729.0
Fairmount,77,30139,GA,34.434629,-84.70133,Sedgwick County,28901.0,4143.0
Fargo,726,31631,GA,30.680867,-82.58028,Cass County,25509.0,415.0
Farmington,853,30638,GA,33.775001,-83.42456,San Juan County,,
Fayetteville,141,30214,GA,33.47875,-84.47668,Cumberland County,36318.5,66058.0
Felton,267,30140,GA,33.88232,-85.234946,Santa Cruz County,,
Fitzgerald,577,31750,GA,31.720028999999997,-83.25093000000003,Tulsa County,20822.0,18322.0
Fleming,806,31309,GA,31.873145,-81.42676,Tulsa County,19800.0,923.0
Flintstone,420,30725,GA,34.932348,-85.35064,Walker County,21244.0,4646.0
Flovilla,189,30216,GA,33.251174,-83.89284,Butts County,15399.0,2376.0
Flowery Branch,321,30542,GA,34.188280999999996,-83.91813,Hall County,33127.0,37056.0
Folkston,554,31537,GA,30.860915000000002,-82.02194,Charlton County,22647.0,10970.0
Forest Park,393,30298,GA,33.500696999999995,-84.35127299999998,,,
Forsyth,586,31029,GA,33.0409,-83.92941,Forsyth County,25070.0,16459.0
Fort Benning,269,31905,GA,32.373490000000004,-84.90612,,,
Fort Gaines,100,31751,GA,31.631333,-85.03241,Clay County,,
Fort Oglethorpe,165,30742,GA,34.948979,-85.25211999999998,Catoosa County,24406.0,7842.0
Fort Stewart,235,31314,GA,31.868699,-81.61083,Liberty County,27002.0,9275.0
Fort Valley,138,31030,GA,32.555679999999995,-83.88641,Peach County,18661.0,17701.0
Fortson,160,31808,GA,32.638884999999995,-85.00735999999998,McLennan County,41761.0,6961.0
Fowlstown,757,31752,GA,30.803290999999998,-84.54711,Decatur County,,
Franklin,270,30217,GA,33.298014,-85.12243000000002,Crawford County,25124.0,9144.0
Franklin Springs,982,30639,GA,34.281721000000005,-83.14746,Franklin County,,
Funston,452,31753,GA,31.205365000000004,-83.877554,San Francisco County,,
Gainesville,164,30504,GA,34.274355,-83.87003,Alachua County,24163.5,131139.0
Garfield,812,30425,GA,32.632683,-82.036,Labette County,25313.0,1339.0
Gay,596,30218,GA,33.121379,-84.58776,Tulsa County,31030.0,1628.0
Geneva,650,31810,GA,32.577909999999996,-84.54513,Geneva,15083.0,245.0
Georgetown,16,31754,GA,31.860476000000002,-85.07534,,,
Gibson,258,30810,GA,33.236721,-82.58135,Montgomery County,23345.0,1906.0
Gillsville,372,30543,GA,34.29945900000001,-83.65226,Banks County,24277.0,4853.0
Girard,93,30426,GA,33.032445,-81.63251,Crawford County,20893.0,782.0
Glenn,450,30219,GA,33.157214,-85.170588,Glenn County,,
Glennville,814,30427,GA,31.945767,-81.93594,Tattnall County,23832.0,12301.0
Glenwood,867,30428,GA,32.190739,-82.69115,Garfield County,19120.0,2783.0
Good Hope,391,30641,GA,33.766057,-83.57597,Harris County,30071.0,1957.0
Gordon,167,31031,GA,32.891498999999996,-83.32748000000002,Butler County,23844.0,6213.0
Gough,360,30811,GA,33.050487,-81.929165,,,
Gracewood,228,30812,GA,33.386041,-82.09099599999998,Tulsa County,16385.0,394.0
Grantville,171,30220,GA,33.230734000000005,-84.82543000000003,San Diego County,26820.0,5375.0
Gray,56,31032,GA,33.003454999999995,-83.55078,Jones County,31832.0,15113.0
Grayson,706,30017,GA,33.888829,-83.96848,Knox County,39645.0,24416.0
Graysville,444,30726,GA,34.975939000000004,-85.1416,Jefferson County,,
Greensboro,613,30642,GA,33.547041,-83.19797,Guilford County,28823.0,11949.0
Greenville,295,30222,GA,33.034760999999996,-84.73593000000002,Greenville County,20864.0,4116.0
Griffin,582,30224,GA,33.215454,-84.25426999999998,Muskogee County,23932.0,62128.0
Grovetown,362,30813,GA,33.459489000000005,-82.20102,Columbia County,33210.0,44065.0
Guyton,685,31312,GA,32.313815999999996,-81.3908,Effingham County,35947.0,20297.0
Haddock,935,31033,GA,33.053288,-83.43902,Sedgwick County,32917.0,1815.0
Hagan,303,30429,GA,32.159458,-81.93724,Evans County,19018.0,210.0
Hahira,926,31632,GA,30.991859,-83.36415,Lowndes County,26817.0,12958.0
Hamilton,658,31811,GA,32.722333,-84.95803000000002,Greenwood County,30356.0,6272.0
Hampton,145,30228,GA,33.401827000000004,-84.30152,,,
Haralson,513,30229,GA,33.232155999999996,-84.56854,Haralson County,,
Hardwick,105,31034,GA,33.040103,-83.2182,Caledonia County,,
Harlem,63,30814,GA,33.423590000000004,-82.31013,New York County,24462.0,8538.0
Harrison,719,31035,GA,32.835471000000005,-82.70761,Boone County,28586.0,1261.0
Hartsfield,441,31756,GA,31.177174,-83.96555,,,
Hartwell,945,30643,GA,34.366948,-82.9201,Hart County,21124.0,16009.0
Hawkinsville,536,31036,GA,32.270314,-83.48517,Pulaski County,22063.0,12322.0
Hazlehurst,350,31539,GA,31.844772,-82.59809,Jeff Davis County,21532.0,14645.0
Helen,131,30545,GA,34.713440999999996,-83.74189,White County,28750.0,698.0
Helena,986,31037,GA,32.094127,-82.91713,Lewis and Clark County,16687.0,4619.0
Hephzibah,151,30815,GA,33.32157,-82.08872,Richmond County,25155.0,40347.0
Hiawassee,574,30546,GA,34.923846999999995,-83.7231,Towns County,22820.0,6969.0
High Shoals,689,30645,GA,33.801274,-83.516374,Paulding County,,
Hillsboro,994,31038,GA,33.172786,-83.63554,Washington County,28059.0,566.0
Hinesville,83,31310,GA,31.806832,-81.437074,Liberty County,28303.0,40916.0
Hiram,62,30141,GA,33.867574,-84.77103000000002,Paulding County,31176.0,23326.0
Hoboken,419,31542,GA,31.1747,-82.13812,Hudson County,22297.0,3170.0
Hogansville,482,30230,GA,33.173516,-84.91736999999998,Troup County,21308.0,9470.0
Holly Springs,663,30142,GA,34.242944,-84.458326,Wake County,,
Homer,538,30547,GA,34.348822,-83.47738000000003,Stone County,20156.0,3209.0
Homerville,111,31634,GA,31.062818,-82.72399,Clinch County,20275.0,5622.0
Hortense,845,31543,GA,31.320166999999998,-81.85818,Indian River County,21034.0,4292.0
Hoschton,288,30548,GA,34.097915,-83.77864,Jackson County,36589.0,18630.0
Howard,720,31039,GA,32.587537,-84.3895,Elk County,,
Hull,505,30646,GA,34.065588,-83.31318,,,
Ideal,873,31041,GA,32.371371,-84.18258,Tulsa County,14451.0,689.0
Ila,843,30647,GA,34.120239,-83.288117,Douglas County,,
Inman,860,30232,GA,33.403811,-84.504403,McPherson County,,
Iron City,961,31759,GA,31.011595,-84.80242,Jefferson County,,
Irwinton,277,31042,GA,32.7615,-83.1612,Wilkinson County,22485.0,1477.0
Irwinville,712,31760,GA,31.70628300000001,-83.408633,Irwin County,,
Jackson,820,30233,GA,33.294522,-83.97568000000003,Montgomery County,24625.0,23245.0
Jacksonville,361,31544,GA,31.840974,-82.96137,Duval County,20139.0,778.0
Jakin,709,31761,GA,31.113121999999997,-85.00251,Early County,,
Jasper,852,30143,GA,34.454934,-84.41583,Division No. 15,30317.0,21487.0
Jefferson,415,30549,GA,34.112581,-83.58251,Montgomery County,30514.0,24892.0
Jeffersonville,50,31044,GA,32.63078400000001,-83.37026999999998,Clark County,19853.0,3463.0
Jekyll Island,354,31527,GA,31.064190000000004,-81.42071999999997,Glynn County,,
Jenkinsburg,45,30234,GA,33.325951,-84.03345999999998,Butts County,25606.0,2060.0
Jersey,592,30018,GA,33.717989,-83.801451,,,
Jesup,127,31598,GA,31.578181,-81.880222,Wayne County,21266.5,23755.0
Jewell,120,31045,GA,33.285773999999996,-82.7749,Douglas County,,
Jonesboro,290,30236,GA,33.528345,-84.33346999999998,Craighead County,26293.0,88804.0
Juliette,188,31046,GA,33.054590999999995,-83.78583,Kings County,24131.0,3198.0
Junction City,591,31812,GA,32.614374,-84.44513,Geary County,11987.0,585.0
Kathleen,466,31047,GA,32.509384000000004,-83.64773000000002,Ottawa County,38209.0,14625.0
Kennesaw,162,30144,GA,34.038949,-84.59706,Cobb County,35982.5,99130.0
Keysville,382,30816,GA,33.162490000000005,-82.18933,Charlotte County,26652.0,2024.0
Kings Bay,699,31547,GA,30.804684,-81.627717,Camden County,21594.0,1420.0
Kingsland,890,31548,GA,30.793409000000004,-81.68428,Llano County,27743.0,21146.0
Kingston,21,30145,GA,34.237986,-84.97801,Caldwell County,29190.0,7142.0
Kite,139,31049,GA,32.69992,-82.51380999999998,Sedgwick County,23488.0,1856.0
Knoxville,118,31050,GA,32.742084999999996,-83.94646,Knox County,14004.0,861.0
La Fayette,13,30728,GA,34.696201,-85.25824,Chambers County,21067.0,20609.0
Lagrange,514,30241,GA,33.036715,-84.98895,Troup County,23961.5,54380.0
Lake Park,87,31636,GA,30.722890000000003,-83.13302,San Luis Obispo County,22008.0,10640.0
Lakeland,44,31635,GA,31.055578000000004,-83.07103000000002,Polk County,20662.0,6602.0
Lakemont,26,30552,GA,34.763553,-83.44201,Delaware County,25919.0,1805.0
Lavonia,478,30553,GA,34.450501,-83.09448,Franklin County,23650.0,7994.0
Lawrenceville,241,30043,GA,34.001159,-84.01487,Gwinnett County,31379.0,256112.0
Leary,190,31762,GA,31.454628000000003,-84.51726,Bowie County,,
Lebanon,822,30146,GA,34.242944,-84.458326,,,
Leesburg,670,31763,GA,31.714526,-84.16931,Loudoun County,36161.0,24186.0
Lenox,214,31637,GA,31.291612,-83.45328,Fulton County,22323.0,2891.0
Leslie,515,31764,GA,31.98309,-84.06866,Ingham County,23716.0,1514.0
Lexington,973,30648,GA,33.863779,-83.06063,Fayette County,24657.0,3094.0
Lilburn,327,30048,GA,33.960353000000005,-84.037859,Gwinnett County,31381.0,65420.0
Lilly,421,31051,GA,32.148624,-83.88003,Marion County,18750.0,140.0
Lincolnton,861,30817,GA,33.765566,-82.43899,Lincoln County,24737.0,7642.0
Lindale,545,30147,GA,34.175095,-85.18084,Smith County,22784.0,4339.0
Lithia Springs,433,30122,GA,33.776137,-84.64484,Douglas County,29476.0,25786.0
Lithonia,88,30058,GA,33.750257,-84.0964,DeKalb County,28433.0,96762.0
Lizella,180,31052,GA,32.788484000000004,-83.80726,Bibb County,31168.0,8557.0
Locust Grove,462,30248,GA,33.351277,-84.10645,Henry County,33352.0,25161.0
Loganville,311,30052,GA,33.823809000000004,-83.89423000000002,Walton County,31550.0,65959.0
Lookout Mountain,47,30750,GA,34.957134,-85.37183,Walker County,15104.0,4753.0
Louisville,624,30434,GA,33.008983,-82.37799999999999,Jefferson County,19028.0,5386.0
Louvale,597,31814,GA,32.154164,-84.83856999999998,Stewart County,38594.0,234.0
Lovejoy,846,30250,GA,33.437428000000004,-84.31519,Collin County,7455.0,656.0
Ludowici,58,31316,GA,31.749909999999996,-81.75813000000002,Perry County,26653.0,13243.0
Lula,892,30554,GA,34.391688,-83.65979,Cook County,27146.0,7687.0
Lumber City,817,31549,GA,31.928525,-82.69332,Telfair County,17421.0,2157.0
Lumpkin,298,31815,GA,32.030297,-84.81218,Stewart County,15625.0,3677.0
Luthersville,608,30251,GA,33.201986,-84.69943,Meriwether County,25291.0,2316.0
Lyerly,827,30730,GA,34.376063,-85.4043,Chattooga County,18023.0,1933.0
Lyons,750,30436,GA,32.177508,-82.30448,Rice County,22341.0,12092.0
Mableton,954,30126,GA,33.817738,-84.56087,Cobb County,36417.0,41665.0
Macon,52,31208,GA,32.806707,-83.691315,Bibb County,19436.0,163700.0
Madison,247,30650,GA,33.588436,-83.47936,Dane County,28750.0,12063.0
Manassas,722,30438,GA,32.152792,-82.01301,,,
Manchester,37,31816,GA,32.862377,-84.60879,Greater Manchester,19761.0,5231.0
Manor,192,31550,GA,31.101953,-82.58299,Travis County,20547.0,801.0
Mansfield,476,30055,GA,33.504952,-83.74735,Tarrant County,27338.0,3306.0
Marble Hill,39,30148,GA,34.452988,-84.25925,New York County,,
Marietta,102,30006,GA,33.912473,-84.557181,Cobb County,37341.0,322628.0
Marshallville,64,31057,GA,32.446656,-83.93413000000002,Wayne County,19246.0,2238.0
Martin,519,30557,GA,34.491828999999996,-83.17539000000002,Montgomery County,21529.0,4813.0
Matthews,272,30818,GA,33.244828999999996,-82.32636,Mecklenburg County,26968.0,622.0
Mauk,672,31058,GA,32.498727,-84.42804,Taylor County,23194.0,1361.0
Maxeys,22,30671,GA,33.748344,-83.18538000000002,Oklahoma County,,
Maysville,259,30558,GA,34.258054,-83.56058,Mason County,20858.0,5998.0
McCaysville,976,30555,GA,34.977037,-84.39839,Fannin County,21648.0,2273.0
McIntyre,383,31054,GA,32.875574,-83.19785,Regional Municipality of Durham,24091.0,1543.0
McRae,813,31055,GA,32.045313,-82.8916,White County,18310.0,8194.0
Mcdonough,318,30253,GA,33.455031,-84.17215,Henry County,34107.0,101462.0
Meansville,232,30256,GA,33.015476,-84.32186999999998,Pike County,28670.0,2589.0
Meigs,48,31765,GA,31.082140999999996,-84.05767,Cherokee County,18770.0,2774.0
Meldrim,78,31318,GA,32.141974,-81.37892,Effingham County,30022.0,432.0
Menlo,185,30731,GA,34.553484999999995,-85.47893,Montgomery County,25386.0,2221.0
Meridian,237,31319,GA,31.478486,-81.34528,Ada County,,
Mershon,53,31551,GA,31.496025,-82.27322,Clark County,17451.0,963.0
Mesena,409,30819,GA,33.432384000000006,-82.625213,Warren County,,
Metter,72,30439,GA,32.414401,-82.05534,Candler County,18192.0,10823.0
Midland,385,31820,GA,32.566196999999995,-84.84121999999998,Midland County,45584.0,10815.0
Midville,872,30441,GA,32.792831,-82.23715,Burke County,20953.0,1701.0
Midway,504,31320,GA,31.788811,-81.37637,Cook County,30553.0,8258.0
Milan,367,31060,GA,32.003035,-83.06336999999998,Metropolitan City of Milan,21939.0,1866.0
Milledgeville,144,31061,GA,33.083579,-83.23397,Baldwin County,18000.5,44261.0
Millen,936,30442,GA,32.802448,-81.98380999999998,Jenkins County,17210.0,7617.0
Millwood,526,31552,GA,31.281103,-82.6201,Oklahoma County,19049.0,842.0
Milner,537,30257,GA,33.136567,-84.19386,McCracken County,26406.0,4345.0
Mineral Bluff,268,30559,GA,34.949754999999996,-84.28317,Fannin County,20721.0,4701.0
Mitchell,590,30820,GA,33.224199,-82.713,Montgomery County,24795.0,1112.0
Molena,611,30258,GA,32.999261,-84.47168,Pike County,24274.0,3047.0
Monroe,285,30656,GA,33.857423,-83.71899,Ouachita Parish,27809.5,41339.0
Montezuma,679,31063,GA,32.293293,-83.98913,Gray County,18672.0,4928.0
Monticello,724,31064,GA,33.319093,-83.70862,Albemarle County,22079.0,9071.0
Montrose,887,31065,GA,32.564036,-83.16019,Montrose County,23144.0,1193.0
Moreland,148,30259,GA,33.277468,-84.75388000000002,Santa Clara County,31997.0,2886.0
Morgan,470,31766,GA,31.57522800000001,-84.59849,Montgomery County,,
Morganton,365,30560,GA,34.887912,-84.2098,Burke County,22082.0,4759.0
Morris,250,31767,GA,31.834324,-84.94739,Grundy County,,
Morrow,306,30287,GA,33.500696999999995,-84.35127299999998,Clayton County,22111.0,25487.0
Morven,781,31638,GA,30.935087,-83.50211,Anson County,16146.0,1107.0
Moultrie,281,31776,GA,31.172696000000002,-83.792379,Colquitt County,21032.0,22858.0
Mount Airy,439,30563,GA,34.549681,-83.47201,Surry County,25963.0,5955.0
Mount Berry,338,30149,GA,34.280355,-85.182085,Floyd County,3561.0,1935.0
Mount Vernon,240,30445,GA,32.186824,-82.59170999999998,Fairfax County,14563.0,3929.0
Mount Zion,553,30150,GA,33.643002,-85.181782,,,
Mountain City,194,30562,GA,34.917466,-83.38486999999998,Johnson County,16843.0,1386.0
Murrayville,347,30564,GA,34.466226,-83.88441999999998,New Hanover County,25034.0,3414.0
Musella,42,31066,GA,32.799959,-84.00588,Crawford County,26875.0,1492.0
Mystic,395,31769,GA,31.620865999999996,-83.24975400000002,New London County,,
Nahunta,210,31553,GA,31.17326,-81.97244,Wayne County,16798.0,4369.0
Nashville,300,31639,GA,31.199,-83.2188,Davidson County,21910.0,10237.0
Naylor,169,31641,GA,30.934298,-83.08841,Burnet County,25788.0,1966.0
Nelson,847,30151,GA,34.242944,-84.458326,Jackson County,,
Newborn,124,30056,GA,33.500008,-83.67165,Tulsa County,29643.0,2217.0
Newington,551,30446,GA,32.567281,-81.48626999999998,Hartford County,17946.0,1251.0
Newnan,11,30263,GA,33.38779,-84.82536,Coweta County,34158.5,93395.0
Newton,101,31770,GA,31.33349,-84.36269,Harvey County,,
Nicholls,443,31554,GA,31.49598300000001,-82.62928000000002,Lafourche Parish,22315.0,8611.0
Nicholson,448,30565,GA,34.094345000000004,-83.41617,Jackson County,26805.0,4424.0
Norcross,184,30071,GA,33.940768,-84.2062,Gwinnett County,27095.0,115744.0
Norman Park,399,31771,GA,31.256287,-83.66005,Colquitt County,20124.0,6204.0
Norristown,179,30447,GA,32.505913,-82.49502,Montgomery County,,
Norwood,600,30821,GA,33.477946,-82.73454,Norfolk County,21974.0,765.0
Nunez,74,30448,GA,32.49126,-82.36787,St. Bernard Parish,41250.0,76.0
Oakfield,173,31772,GA,31.723178000000004,-83.9628,Fond du Lac County,20446.0,536.0
Oakman,142,30732,GA,34.569015,-84.711863,Walker County,,
Oakwood,456,30566,GA,34.236556,-83.89115,Tarrant County,27851.0,7736.0
Ochlocknee,378,31773,GA,30.977162,-84.0615,Thomas County,24837.0,3547.0
Ocilla,560,31774,GA,31.586426,-83.27583,Irwin County,17566.0,6737.0
Oconee,660,31067,GA,32.860031,-82.95019,Oconee County,25227.0,252.0
Odum,69,31555,GA,31.670475,-82.04944,Oklahoma County,22345.0,2793.0
Offerman,168,31556,GA,31.412649,-82.11554100000002,Pierce County,18958.0,88.0
Oglethorpe,703,31068,GA,32.329164,-84.07988,DeKalb County,24861.0,5079.0
Oliver,914,30449,GA,32.528104,-81.533198,Tulsa County,25625.0,163.0
Omaha,675,31821,GA,32.1342,-84.98499,Douglas County,18622.0,263.0
Omega,925,31775,GA,31.334062,-83.59971,Tulsa County,21320.0,3339.0
Orchard Hill,789,30266,GA,33.265656,-84.298964,Johnson County,,
Oxford,638,30054,GA,33.658113,-83.86249000000002,Oxfordshire,25394.0,11904.0
Palmetto,842,30268,GA,33.527793,-84.69453,Greenville County,23888.0,10434.0
Parrott,384,31777,GA,31.905462,-84.51526,Terrell County,,
Patterson,97,31557,GA,31.372403000000002,-82.10743000000002,Tulsa County,25316.0,3229.0
Pavo,484,31778,GA,30.966781,-83.72075,King County,20846.0,2316.0
Peachtree City,140,30269,GA,33.398992,-84.57061999999998,Fayette County,47760.0,35904.0
Pearson,807,31642,GA,31.272909999999996,-82.83341999999998,Shawnee County,20696.0,4779.0
Pelham,117,31779,GA,31.117271000000002,-84.15678,Westchester County,22604.0,9998.0
Pembroke,747,31321,GA,32.163245,-81.64211,Robeson County,24346.0,7640.0
Pendergrass,30,30567,GA,34.167309,-83.68536,Jackson County,29817.0,3188.0
Perkins,588,30822,GA,32.914843,-81.87901,Kay County,17292.0,784.0
Perry,19,31069,GA,32.460791,-83.73541,Noble County,25963.0,20167.0
Pine Lake,81,30072,GA,33.791505,-84.20642,DeKalb County,40599.0,727.0
Pine Mountain,35,31822,GA,32.867211,-84.88436999999998,Cobb County,26832.0,5929.0
Pine Mountain Valley,251,31823,GA,32.801173999999996,-84.82038,Harris County,25568.0,797.0
Pinehurst,172,31070,GA,32.185677,-83.76348,Moore County,29792.0,985.0
Pineview,29,31071,GA,32.13702,-83.52604000000002,Forrest County,20574.0,1200.0
Pitts,71,31072,GA,31.951839,-83.56747,Montgomery County,23417.0,1357.0
Plainfield,748,31073,GA,32.176429,-83.12289100000002,Hendricks County,,
Plains,737,31780,GA,32.026125,-84.39361,Meade County,20239.0,2100.0
Plainville,821,30733,GA,34.409661,-85.03345,Hartford County,23214.0,2143.0
Pooler,963,31322,GA,32.110421,-81.24568000000002,Chatham County,40454.0,25459.0
Portal,33,30450,GA,32.55565900000001,-81.9242,Alameda County,15615.0,2192.0
Porterdale,500,30070,GA,33.576043,-83.89820999999998,Newton County,12149.0,484.0
Poulan,728,31781,GA,31.526584000000003,-83.79025,Richmond County,23711.0,2264.0
Powder Springs,962,30127,GA,33.87455300000001,-84.68784000000002,Cobb County,34615.0,67688.0
Preston,952,31824,GA,32.051618,-84.53419,Montgomery County,20767.0,1695.0
Pulaski,891,30451,GA,32.414349,-82.086658,Brown County,,
Putney,960,31782,GA,31.543065000000002,-84.219594,Windham County,,
Quitman,927,31643,GA,30.783639,-83.55343,Wood County,24644.0,9062.0
Rabun Gap,499,30568,GA,34.952452,-83.4073,Rabun County,27471.0,1645.0
Ranger,561,30734,GA,34.531444,-84.69955,New York County,26104.0,3779.0
Ray City,226,31645,GA,31.070627,-83.20286,Berrien County,24453.0,5053.0
Rayle,440,30660,GA,33.775127000000005,-82.94624,Wilkes County,15085.0,1204.0
Rebecca,698,31783,GA,31.767985999999997,-83.47325,New York County,26758.0,883.0
Red Oak,635,30272,GA,33.625894,-84.516327,Lawrence County,,
Redan,328,30074,GA,33.891251000000004,-84.07455999999998,DeKalb County,,
Register,603,30452,GA,32.327219,-81.89818000000002,Montgomery County,24971.0,1372.0
Reidsville,79,30453,GA,32.057356,-82.1214,Rockingham County,14460.0,10775.0
Rentz,211,31075,GA,32.370333,-82.96091,Pasco County,20211.0,2677.0
Resaca,629,30735,GA,34.604648,-84.91926,Gordon County,23011.0,6334.0
Rex,951,30273,GA,33.582877,-84.26906,New York County,29719.0,14663.0
Reynolds,548,31076,GA,32.54748,-84.10042,Montgomery County,19802.0,3414.0
Rhine,780,31077,GA,31.953407000000002,-83.18058,,,
Riceboro,716,31323,GA,31.658252,-81.48778,Liberty County,21571.0,1213.0
Richland,289,31825,GA,32.109225,-84.66063,Dallas County,22500.0,2358.0
Richmond Hill,176,31424,GA,31.919866,-81.325815,Bryan County,37143.0,25643.0
Rincon,357,31326,GA,32.293147,-81.23006,,,
Ringgold,344,30736,GA,34.916552,-85.14435,Catoosa County,29406.0,43149.0
Rising Fawn,260,30738,GA,34.793833,-85.49945,Dade County,23759.0,3766.0
Riverdale,149,30296,GA,33.564710999999996,-84.43987,Sumner County,24951.5,64018.0
Roberta,557,31078,GA,32.702635,-84.03811,Crawford County,22416.0,2973.0
Rochelle,422,31079,GA,31.933079,-83.45721999999998,Ogle County,24764.0,2161.0
Rock Spring,94,30739,GA,34.801988,-85.21956,Walker County,29036.0,6460.0
Rockledge,408,30454,GA,32.432854,-82.72979000000002,Brevard County,18226.0,680.0
Rockmart,523,30153,GA,33.987497,-85.05508,Polk County,24357.0,18375.0
Rocky Face,823,30740,GA,34.757918,-85.05879,Alexander County,28792.0,8457.0
Rocky Ford,988,30455,GA,32.697762,-81.81036,Otero County,22095.0,465.0
Rome,191,30163,GA,34.333308,-85.233721,Metropolitan City of Rome,23770.5,76247.0
Roopville,761,30170,GA,33.434562,-85.16973,Carroll County,25863.0,2943.0
Rossville,261,30741,GA,34.96311,-85.27405,Clinton County,21496.0,28535.0
Roswell,182,30077,GA,33.844371,-84.47405,Chaves County,42613.0,99770.0
Royston,375,30662,GA,34.270167,-83.12841999999998,Franklin County,19505.0,9077.0
Rupert,665,31081,GA,32.419094,-84.28475,Minidoka County,,
Rutledge,20,30663,GA,33.614556,-83.61157,Delaware County,20060.0,3052.0
Rydal,832,30171,GA,34.346142,-84.73232,Montgomery County,25700.0,3467.0
Saint George,1,31646,GA,30.518903,-82.08063,Washington County,,
Saint Marys,742,31558,GA,30.761081,-81.56912,Jasper County,29862.0,21307.0
Saint Simons Island,623,31522,GA,31.176515999999996,-81.3802,Glynn County,42933.0,16402.0
Sale City,888,31784,GA,31.258794,-84.02897,Mitchell County,25292.0,764.0
Sandersville,669,31082,GA,32.984528999999995,-82.8375,Washington County,22395.0,9636.0
Sapelo Island,933,31327,GA,31.423776,-81.27064,McIntosh County,45649.0,187.0
Sardis,377,30456,GA,32.969028,-81.79396,Montgomery County,20675.0,1936.0
Sargent,310,30275,GA,33.431181,-84.86733000000002,Texas County,,
Sasser,218,31785,GA,31.689973,-84.32748000000002,Terrell County,,
Sautee Nacoochee,643,30571,GA,34.696896,-83.68012,White County,29688.0,3545.0
Savannah,68,31498,GA,31.971394,-81.07155999999998,Chatham County,26627.0,254069.0
Scotland,255,31083,GA,32.046427,-82.81923,,,
Scottdale,644,30079,GA,33.791537,-84.25994,Westmoreland County,27753.0,2824.0
Screven,152,31560,GA,31.515981,-82.04908,Screven County,23512.0,2853.0
Sea Island,445,31561,GA,31.198914000000002,-81.332211,Glynn County,,
Senoia,922,30276,GA,33.281102000000004,-84.58017,Coweta County,34839.0,15245.0
Seville,309,31084,GA,31.989039000000002,-83.394574,Seville,14453.0,43.0
Shady Dale,905,31085,GA,33.421694,-83.61433000000002,Jasper County,22500.0,1292.0
Shannon,153,30172,GA,34.333308,-85.233721,Tulsa County,,
Sharon,520,30664,GA,33.560693,-82.80015,Norfolk County,30500.0,28.0
Sharpsburg,55,30277,GA,33.387534,-84.65511,Washington County,39430.0,22247.0
Shellman,738,31786,GA,31.72952,-84.60173,Randolph County,,
Shiloh,2,31826,GA,32.803518,-84.69384000000002,Hardin County,22196.0,2238.0
Siloam,625,30665,GA,33.535009,-83.07786999999998,Lifou,16375.0,67.0
Silver Creek,609,30173,GA,34.145931,-85.14341999999998,Chautauqua County,25726.0,5799.0
Smarr,771,31086,GA,32.989503000000006,-83.876108,Monroe County,,
Smithville,147,31787,GA,31.901065999999997,-84.25036999999998,Clay County,21579.0,1566.0
Smyrna,43,30082,GA,33.859137,-84.53744,Cobb County,39592.5,84372.0
Snellville,451,30039,GA,33.822204,-84.03707,Gwinnett County,31806.5,81950.0
Social Circle,606,30025,GA,33.65072,-83.70779,Walton County,31112.0,9308.0
Soperton,137,30457,GA,32.387041,-82.58272,Treutlen County,21206.0,5885.0
Sparks,569,31647,GA,31.183567,-83.43559,Washoe County,18750.0,3660.0
Sparta,648,31087,GA,33.260234999999994,-83.00647,,,
Springfield,953,31329,GA,32.390879,-81.32427,Greene County,27305.0,9950.0
Stapleton,800,30823,GA,33.234802,-82.46303,Denver County,18444.0,1837.0
Statenville,186,31648,GA,30.703175,-83.02568000000002,Echols County,26356.0,912.0
Statesboro,66,30458,GA,32.423083,-81.80677,Bulloch County,16647.0,60042.0
Statham,463,30666,GA,33.957713,-83.58491,Barrow County,27892.0,10214.0
Stephens,349,30667,GA,33.784316,-83.16666,Boone County,25027.0,954.0
Stillmore,114,30464,GA,32.439708,-82.22278,Emanuel County,16429.0,83.0
Stockbridge,359,30281,GA,33.547578,-84.21809,Henry County,31020.0,67533.0
Stockton,398,31649,GA,30.957421000000004,-83.00524,San Joaquin County,32178.0,1096.0
Stone Mountain,503,30086,GA,33.891251000000004,-84.07455999999998,DeKalb County,23763.0,128310.0
Suches,187,30572,GA,34.731084,-84.07943,Union County,21199.0,796.0
Sugar Valley,8,30746,GA,34.574804,-85.02481999999998,Gordon County,21581.0,940.0
Summertown,741,30466,GA,32.566594,-82.324475,Lawrence County,,
Summerville,15,30747,GA,34.489847999999995,-85.32928000000003,Dorchester County,22099.0,15438.0
Sumner,534,31789,GA,31.484090999999996,-83.73515,Noble County,24138.0,855.0
Sunny Side,601,30284,GA,33.345253,-84.289814,Johnson County,25938.0,96.0
Surrency,122,31563,GA,31.715778000000004,-82.19784,Appling County,23250.0,1296.0
Suwanee,170,30024,GA,34.052698,-84.07485,Gwinnett County,44131.0,77334.0
Swainsboro,246,30401,GA,32.605196,-82.3391,Emanuel County,20101.0,13598.0
Sycamore,614,31790,GA,31.652541999999997,-83.57934,Boone County,22479.0,1788.0
Sylvania,681,30467,GA,32.754635,-81.63543,Johnson County,22345.0,12070.0
Sylvester,970,31791,GA,31.536886,-83.86041,Worth County,23805.0,12138.0
Talbotton,437,31827,GA,32.683146,-84.52243,Talbot County,19152.0,2174.0
Talking Rock,676,30175,GA,34.537611,-84.51135,Pickens County,22759.0,5544.0
Tallapoosa,404,30176,GA,33.748838,-85.29304,Haralson County,25903.0,6594.0
Tallulah Falls,112,30573,GA,34.742007,-83.397716,Habersham County,49114.0,219.0
Talmo,868,30575,GA,34.191571,-83.71124,Jackson County,26052.0,1533.0
Tarrytown,98,30470,GA,32.309128,-82.52255,Westchester County,27708.0,338.0
Tate,680,30177,GA,34.418116,-84.38462,Washington County,36202.0,1427.0
Taylorsville,346,30178,GA,34.113826,-84.97274,Salt Lake County,24628.0,2971.0
Temple,833,30179,GA,33.76324,-85.02667,Montgomery County,26907.0,19109.0
Tennga,692,30751,GA,34.981449,-84.735233,Murray County,28971.0,40.0
Tennille,412,31089,GA,32.89115,-82.82775,Washington County,21113.0,4695.0
The Rock,956,30285,GA,32.995865,-84.25092,Washington County,17227.0,639.0
Thomaston,589,30286,GA,32.895794,-84.33084000000002,Upson County,22114.0,22085.0
Thomasville,27,31758,GA,30.868187,-83.927785,Thomas County,24350.5,34781.0
Thomson,387,30824,GA,33.490536,-82.5028,Labette County,21449.0,17025.0
Tifton,542,31793,GA,31.485438000000002,-83.503621,Tift County,25598.5,36948.0
Tiger,866,30576,GA,34.846806,-83.48178,Montgomery County,22466.0,2310.0
Tignall,460,30668,GA,33.912362,-82.6684,Wilkes County,19680.0,1452.0
Toccoa,723,30598,GA,34.597674,-83.36206999999997,Stephens County,20782.0,21204.0
Toomsboro,944,31090,GA,32.801223,-83.06671,Wilkinson County,17121.0,959.0
Townsend,801,31331,GA,31.547411999999998,-81.3862,Middlesex County,27430.0,7900.0
Trenton,414,30752,GA,34.895625,-85.52702,Mercer County,25761.0,8463.0
Trion,691,30753,GA,34.558403999999996,-85.30301,Chattooga County,22940.0,7330.0
Tucker,527,30084,GA,33.853853,-84.22036,DeKalb County,33845.0,38484.0
Tunnel Hill,837,30755,GA,34.85973,-85.03867,Johnson County,25581.0,8813.0
Turin,715,30289,GA,33.326029999999996,-84.637108,Metropolitan City of Turin,,
Turnerville,743,30580,GA,34.676584000000005,-83.43578000000002,Habersham County,,
Twin City,858,30471,GA,32.547214000000004,-82.17048,Jackson County,18584.0,5085.0
Ty Ty,65,31795,GA,31.47387,-83.66484,Tift County,20161.0,1781.0
Tybee Island,283,31328,GA,32.006671999999995,-80.84937,Chatham County,42413.0,3583.0
Tyrone,115,30290,GA,33.48012,-84.58724000000002,Fayette County,40398.0,8677.0
Unadilla,714,31091,GA,32.24473,-83.72075,Otsego County,21571.0,4353.0
Union City,739,30291,GA,33.58087800000001,-84.54611,Alameda County,24219.0,21399.0
Union Point,89,30669,GA,33.652489,-83.08856999999998,Tulsa County,18477.0,3429.0
Upatoi,492,31829,GA,32.557718,-84.73957,Muscogee County,48500.0,956.0
Uvalda,610,30473,GA,32.03096,-82.48796999999998,Montgomery County,26115.0,2445.0
Valdosta,4,31606,GA,30.802411,-83.19624,Lowndes County,24086.5,95635.0
Valona,585,31332,GA,31.49507100000001,-81.381908,,,
Varnell,158,30756,GA,34.9298,-84.988536,Whitfield County,18846.0,138.0
Vidalia,413,30475,GA,32.177513,-82.373889,Toombs County,21886.0,16665.0
Vienna,322,31092,GA,32.091578000000005,-83.79311,,,
Villa Rica,805,30180,GA,33.718078999999996,-84.92356,Carroll County,31256.0,37325.0
Waco,786,30182,GA,33.658254,-85.23496999999998,McLennan County,19109.0,2498.0
Wadley,480,30477,GA,32.872098,-82.4023,Bowie County,16288.0,2911.0
Waleska,895,30183,GA,34.332315,-84.57700000000001,Cherokee County,29380.0,6279.0
Walthourville,583,31333,GA,31.77789000000001,-81.64534,Liberty County,,
Waresboro,744,31564,GA,31.018953999999997,-82.416543,Ware County,,
Warm Springs,768,31830,GA,32.896166,-84.71191,Meriwether County,16714.0,2571.0
Warner Robins,406,31088,GA,32.594698,-83.64873,Houston County,27158.0,86531.0
Warrenton,461,30828,GA,33.399555,-82.65655,Fauquier County,19797.0,4205.0
Warthen,657,31094,GA,33.125097,-82.81018,Washington County,27788.0,1217.0
Warwick,965,31796,GA,31.782465999999996,-83.86973,Kent County,18021.0,1130.0
Washington,818,30673,GA,33.728753999999995,-82.72612,,,
Watkinsville,735,30677,GA,33.849286,-83.41232,Oconee County,37228.0,18337.0
Waverly,181,31565,GA,31.066478999999998,-81.62656,Bremer County,28592.0,2008.0
Waverly Hall,642,31831,GA,32.698622,-84.71552,Harris County,26310.0,3556.0
Waycross,286,31502,GA,31.018953999999997,-82.416543,Ware County,23868.0,35587.0
Waynesboro,655,30830,GA,33.080965,-81.9944,,,
Waynesville,510,31566,GA,31.144634999999997,-81.83010999999998,Haywood County,18019.0,4839.0
West Green,909,31567,GA,31.631943,-82.71829,Athens County,23750.0,842.0
West Point,645,31833,GA,32.867469,-85.13779,Orange County,25285.0,7188.0
Weston,129,31832,GA,31.973540999999997,-84.62522,Broward County,17973.0,274.0
Whigham,381,31797,GA,30.888809000000002,-84.32976,Essex County,,
White,356,30184,GA,34.236128,-84.72539,Montgomery County,27879.0,6612.0
White Oak,764,31568,GA,31.003384999999998,-81.79512,Allegheny County,19242.0,685.0
White Plains,107,30678,GA,33.46171,-83.05852,Westchester County,21266.0,1242.0
Whitesburg,449,30185,GA,33.517697999999996,-84.91725,Letcher County,22486.0,4160.0
Wildwood,879,30757,GA,34.954188,-85.43231999999998,Cape May County,21163.0,2128.0
Wiley,435,30581,GA,34.797610999999996,-83.42329000000002,Hudson County,,
Willacoochee,693,31650,GA,31.37516500000001,-83.01949,Atkinson County,22500.0,3404.0
Williamson,929,30292,GA,33.169646,-84.37168,Wayne County,27884.0,5772.0
Winder,776,30680,GA,33.992538,-83.71061,Barrow County,26214.0,42975.0
Winston,40,30187,GA,33.670405,-84.83809000000002,Cleveland County,35529.0,7918.0
Winterville,570,30683,GA,33.954046999999996,-83.2673,Pitt County,23920.0,6601.0
Woodbine,467,31569,GA,30.915778000000003,-81.67924000000002,Tulsa County,28438.0,5831.0
Woodbury,783,30293,GA,32.973728,-84.5903,Orange County,18898.0,2948.0
Woodland,73,31836,GA,32.797475,-84.54095,Yolo County,23859.0,849.0
Woodstock,331,30188,GA,34.108027,-84.4843,Ulster County,39541.0,101721.0
Wray,46,31798,GA,31.621764000000002,-83.05502,Yuma County,23705.0,843.0
Wrens,75,30833,GA,33.200325,-82.37625,Jefferson County,18634.0,3065.0
Wrightsville,155,31096,GA,32.71732,-82.68926,New Hanover County,20232.0,7046.0
Yatesville,684,31097,GA,32.912207,-84.14811999999998,Lawrence County,27000.0,1656.0
Young Harris,442,30582,GA,34.954638,-83.86484,Towns County,15867.0,5038.0
Zebulon,549,30295,GA,33.101704999999995,-84.31251999999998,Wake County,31654.0,4352.0
