,City,County,City Latitude,City Longitude,Population,Median Income,Acute Care Beds,WithinFiveMiles,WithinTenMiles,WithinTwentyMiles,WithinFiftyMiles,WithinHundredMiles,DistanceToNearestHospital,BedsPer1000
0,Calhoun,Gordon County,34.479065999999996,-84.76216099999998,40820,24110,69,0,1,3,25,60,9.61047776989252,1.6903478686918176
1,Chatsworth,Los Angeles County,34.753129,-84.77502,33460,24457,29,1,1,3,12,57,1.904655239221261,0.8667065152420801
2,Thomasville,Thomas County,30.868187,-83.927785,34781,24350,264,1,1,2,9,20,3.9659607064789397,7.590351053736235
3,Quitman,Wood County,30.783639,-83.55343,9062,24644,25,1,1,2,10,21,0.8557411901169643,2.758772897815052
4,Camilla,Mitchell County,31.209853999999996,-84.23666999999998,8419,21584,25,1,1,1,9,24,2.308497119838487,2.9694738092410025
5,Macon,Bibb County,32.806707,-83.691315,163700,21279,0,3,4,6,17,77,3.6942032070681425,0.0
6,Macon,Bibb County,32.806707,-83.691315,163700,21279,237,3,4,6,17,77,3.6942032070681425,1.44777031154551
7,Macon,Bibb County,32.806707,-83.691315,163700,21279,103,3,4,6,17,77,3.6942032070681425,0.6291997556505803
8,Macon,Bibb County,32.806707,-83.691315,163700,21279,639,3,4,6,17,77,3.6942032070681425,3.9034819792302993
9,Cochran,Dallas County,32.397039,-83.3404,13265,22125,25,1,1,3,14,53,0.9282354686219599,1.8846588767433095
10,Newnan,Coweta County,33.38779,-84.82536,93395,34158,0,2,2,4,33,72,3.8970619985170742,0.0
11,Newnan,Coweta County,33.38779,-84.82536,93395,34158,143,2,2,4,33,72,3.8970619985170742,1.531131216874565
12,Metter,Candler County,32.414401,-82.05534,10823,18192,25,1,1,3,10,35,0.7867433697810604,2.3098955927192093
13,Cartersville,Bartow County,34.200264000000004,-84.77533000000003,64626,28639,112,1,1,2,39,65,1.1037953978793373,1.7330486182031999
14,Hiawassee,Towns County,34.923846999999995,-83.7231,6969,22820,137,1,1,2,8,52,2.347911597854445,19.658487587889223
15,Atlanta,Fulton County,33.844371,-84.47405,988350,37006,0,0,15,23,46,77,5.139200730369802,0.0
16,Atlanta,Fulton County,33.844371,-84.47405,988350,37006,569,0,15,23,46,77,5.139200730369802,0.5757069863914606
17,Atlanta,Fulton County,33.844371,-84.47405,988350,37006,812,0,15,23,46,77,5.139200730369802,0.8215713057115395
18,Atlanta,Fulton County,33.844371,-84.47405,988350,37006,0,0,15,23,46,77,5.139200730369802,0.0
19,Atlanta,Fulton County,33.844371,-84.47405,988350,37006,0,0,15,23,46,77,5.139200730369802,0.0
20,Atlanta,Fulton County,33.844371,-84.47405,988350,37006,276,0,15,23,46,77,5.139200730369802,0.27925330095613904
21,Atlanta,Fulton County,33.844371,-84.47405,988350,37006,511,0,15,23,46,77,5.139200730369802,0.5170233216977791
22,Atlanta,Fulton County,33.844371,-84.47405,988350,37006,961,0,15,23,46,77,5.139200730369802,0.9723276167349623
23,Atlanta,Fulton County,33.844371,-84.47405,988350,37006,537,0,15,23,46,77,5.139200730369802,0.5433297920777053
24,Atlanta,Fulton County,33.844371,-84.47405,988350,37006,498,0,15,23,46,77,5.139200730369802,0.5038700865078161
25,Atlanta,Fulton County,33.844371,-84.47405,988350,37006,330,0,15,23,46,77,5.139200730369802,0.333889816360601
26,Atlanta,Fulton County,33.844371,-84.47405,988350,37006,170,0,15,23,46,77,5.139200730369802,0.17200384479182476
27,Atlanta,Fulton County,33.844371,-84.47405,988350,37006,460,0,15,23,46,77,5.139200730369802,0.4654221682602317
28,Homerville,Clinch County,31.062818,-82.72399,5622,20275,25,1,1,1,8,29,3.103250025016875,4.446816079686944
29,Douglas,Douglas County,31.571596000000003,-82.85463100000003,28364,21687,88,1,1,1,11,41,4.235828976633118,3.1025243266111975
30,Moultrie,Colquitt County,31.172696000000002,-83.792379,22858,21032,84,1,1,1,14,27,3.3091732774984233,3.674862192667775
31,Cordele,Crisp County,31.917178000000003,-83.785365,21549,17401,216,1,1,1,15,44,4.166029001483967,10.023666991507726
32,Augusta,Richmond County,33.386041,-82.09099599999998,204303,23481,350,0,4,4,7,28,6.911437749455198,1.7131417551382015
33,Augusta,Richmond County,33.386041,-82.09099599999998,204303,23481,121,0,4,4,7,28,6.911437749455198,0.5922575782049211
34,Augusta,Richmond County,33.386041,-82.09099599999998,204303,23481,154,0,4,4,7,28,6.911437749455198,0.7537823722608087
35,Augusta,Richmond County,33.386041,-82.09099599999998,204303,23481,478,0,4,4,7,28,6.911437749455198,2.3396621684458867
36,Eastman,Dodge County,32.193953,-83.1848,14276,21081,94,1,1,3,12,52,0.7129863045399096,6.584477444662371
37,Fitzgerald,Tulsa County,31.720028999999997,-83.25093000000003,18322,20822,75,1,2,2,13,42,1.6422335255754628,4.093439580831787
38,Statesboro,Bulloch County,32.423083,-81.80677,60042,16624,150,1,1,3,11,28,2.2050117365746194,2.4982512241431
39,Springfield,Greene County,32.390879,-81.32427,9950,27305,0,1,1,1,9,20,1.844189544029817,0.0
40,Elberton,Elbert County,34.119972,-82.825,14964,21478,52,1,1,1,5,56,2.885208575997699,3.475006682705159
41,Swainsboro,Emanuel County,32.605196,-82.3391,13598,20101,94,1,1,1,9,41,0.9778262256939376,6.912781291366377
42,Decatur,DeKalb County,33.693448,-84.24743000000002,180825,32843,628,0,11,20,46,79,5.790401847045678,3.4729711046592007
43,Decatur,DeKalb County,33.693448,-84.24743000000002,180825,32843,360,0,11,20,46,79,5.790401847045678,1.9908751555371216
44,Lithonia,DeKalb County,33.750257,-84.0964,96762,28433,100,1,2,22,44,78,4.270423034773234,1.0334635497406006
45,Tucker,DeKalb County,33.853853,-84.22036,38484,33845,0,1,12,23,47,75,2.492428616253968,0.0
46,Claxton,Evans County,32.162077000000004,-81.90984,10777,23948,209,1,1,4,14,30,0.7078973275523186,19.39315208314002
47,Montezuma,Gray County,32.293293,-83.98913,4928,18672,49,1,1,2,16,48,2.3922562457130074,9.943181818181818
48,Rome,Metropolitan City of Rome,34.333308,-85.233721,76247,23770,278,1,2,2,14,56,4.48341428521613,3.6460450902986348
49,Rome,Metropolitan City of Rome,34.333308,-85.233721,76247,23770,230,1,2,2,14,56,4.48341428521613,3.0165121250672158
50,Cedartown,Polk County,34.010162,-85.25761999999997,23814,23343,18,1,1,3,12,57,3.513967679065826,0.7558578987150416
51,Dalton,Whitfield County,34.780699,-84.93994,81843,25269,282,1,2,3,10,55,2.6318967037508907,3.44562149481324
52,Warner Robins,Houston County,32.594698,-83.64873,86531,28110,237,1,2,7,16,68,1.8060975601622453,2.73890282095434
53,Perry,Noble County,32.460791,-83.73541,20167,25963,45,1,1,4,15,61,1.4891212752280134,2.231368076560718
54,Ocilla,Irwin County,31.586426,-83.27583,6737,17566,34,1,2,3,14,37,1.857421509878579,5.046756716639454
55,Monticello,Albemarle County,33.319093,-83.70862,9071,22079,17,1,1,3,33,80,1.319209945350994,1.8741042883915775
56,Hazlehurst,Jeff Davis County,31.844772,-82.59809,14645,21532,25,1,1,1,11,46,1.0078371273047346,1.7070672584499829
57,Millen,Jenkins County,32.802448,-81.98380999999998,7617,17210,25,1,1,2,13,31,2.878262304322086,3.2821320729946173
58,Hinesville,Liberty County,31.806832,-81.437074,40916,28303,25,0,1,1,9,19,9.900827490179466,0.6110079186626258
59,Vidalia,Toombs County,32.177513,-82.373889,16665,21886,122,1,1,2,9,45,2.179415696672738,7.320732073207321
60,Byron,Cook County,32.652313,-83.75918,18381,31807,0,1,2,7,18,69,3.2661215500395375,0.0
61,Waycross,Ware County,31.018953999999997,-82.416543,35587,23868,345,0,0,1,4,24,14.772085860045726,9.69455138112232
62,Forsyth,Forsyth County,33.0409,-83.92941,16459,25070,25,1,1,3,21,74,1.1327005690211887,1.518925815663163
63,Madison,Dane County,33.588436,-83.47936,12063,28750,46,1,1,3,19,79,1.3806110850087172,3.8133134377849625
64,Milledgeville,Baldwin County,33.083579,-83.23397,44261,18000,140,1,1,2,15,77,0.7848832372213873,3.163055511624229
65,Gainesville,Alachua County,34.274355,-83.87003,131139,25865,557,1,1,4,39,70,3.7137264631739906,4.247401612029983
66,Winder,Barrow County,33.992538,-83.71061,42975,26214,80,1,1,4,43,76,1.0875903081740512,1.8615474112856312
67,Braselton,Jackson County,34.121974,-83.78604,14657,37419,100,1,2,5,38,73,2.9870461469732463,6.822678583611926
68,Dahlonega,Lumpkin County,34.527671000000005,-83.980879,26683,22180,49,1,1,2,25,64,0.43601788088045057,1.836375220177641
69,Commerce,Jackson County,34.210423,-83.46842,17765,25697,239,1,1,2,19,74,0.6072142176322667,13.45341964537011
70,Canton,Stark County,34.228478,-84.50402,94315,34793,158,1,1,5,44,68,2.1460300403273496,1.6752372369188357
71,Duluth,St. Louis County,33.960353000000005,-84.037859,114864,38852,0,1,2,22,43,77,1.1857597786498517,0.0
72,Cumming,Forsyth County,34.201503,-84.09764,162019,41386,304,1,1,8,41,73,2.950107528887545,1.876323147285195
73,Lawrenceville,Gwinnett County,34.001159,-84.01487,256112,31355,576,1,2,9,43,77,2.6226867965998237,2.2490160554757295
74,Sylvania,Johnson County,32.754635,-81.63543,12070,22345,0,1,1,2,7,22,0.7391285258280116,0.0
75,Reidsville,Rockingham County,32.057356,-82.1214,10775,14460,0,1,1,3,9,36,1.7558673886136476,0.0
76,Albany,Albany County,31.564273999999997,-84.165407,97727,23621,420,2,2,3,8,34,1.8898747632429067,4.297686412148127
77,Albany,Albany County,31.564273999999997,-84.165407,97727,23621,248,2,2,3,8,34,1.8898747632429067,2.537681500506513
78,Americus,Sumter County,32.085491,-84.25266500000002,24804,21422,76,1,1,2,9,41,1.2920862104763644,3.0640219319464603
79,Sylvester,Worth County,31.536886,-83.86041,12138,23805,25,1,1,3,13,35,2.0962453582199605,2.0596473883671114
80,Columbus,Franklin County,32.468441999999996,-84.95128000000003,176213,22279,583,2,2,2,6,45,1.9964771299639534,3.308495967947881
81,Columbus,Franklin County,32.468441999999996,-84.95128000000003,176213,22279,100,2,2,2,6,45,1.9964771299639534,0.5674950202311975
82,Fayetteville,Cumberland County,33.47875,-84.47668,66058,36318,300,1,2,6,42,76,2.551835624230365,4.541463562324019
83,Jasper,Division No. 15,34.454934,-84.41583,21487,30317,35,1,1,2,38,64,1.954108987339034,1.6288918881183971
84,Covington,Kenton County,33.581406,-83.851,92687,25747,97,1,1,4,43,80,1.3873245933160385,1.046532954999083
85,Conyers,Rockdale County,33.696714,-84.01732,88901,29512,138,1,2,11,46,80,1.4326481442768695,1.5522885006917808
86,Monroe,Ouachita Parish,33.857423,-83.71899,41339,27809,135,1,1,5,39,78,4.422363694499375,3.2656813178838386
87,Eatonton,Putnam County,33.318579,-83.35432,20438,26389,25,1,1,5,15,78,1.5251232084997899,1.223211664546433
88,Valdosta,Lowndes County,30.802411,-83.19624,95635,21046,335,0,1,2,9,22,6.725395960549758,3.502901657343023
89,Nashville,Davidson County,31.199,-83.2188,10237,21910,51,1,1,3,12,29,1.2121143268321986,4.981928299306437
90,Lakeland,Polk County,31.055578000000004,-83.07103000000002,6602,20662,25,1,1,4,12,28,1.2851347273606994,3.78673129354741
91,Brunswick,Medina County,31.260995,-81.49831999999998,66927,24587,316,0,1,1,4,17,5.952523673790637,4.72156229922154
92,Riverdale,Sumner County,33.564710999999996,-84.43987,64018,24951,331,1,2,13,44,77,3.067427405574273,5.170420819144615
93,Adel,Dallas County,31.133004,-83.42736,10836,25632,60,1,1,2,14,27,1.6687742353220707,5.537098560354374
94,Tifton,Tift County,31.485438000000002,-83.503621,36948,25598,181,1,1,3,15,34,1.2364396208551145,4.8987766590884485
95,Greensboro,Guilford County,33.547041,-83.19797,11949,28823,25,0,1,3,14,74,5.193191393020247,2.0922252908193153
96,Lavonia,Franklin County,34.450501,-83.09448,7994,23650,56,1,1,2,8,56,2.235983987162437,7.005253940455342
97,Toccoa,Stephens County,34.597674,-83.36206999999997,21204,20782,96,1,1,3,11,55,0.8680825714361703,4.527447651386531
98,Carrollton,Dallas County,33.618930999999996,-85.073582,61916,17138,201,1,1,2,31,65,3.3928336095636964,3.246333742489825
99,Villa Rica,Carroll County,33.718078999999996,-84.92356,37325,31256,80,1,1,4,37,70,1.8630899707505035,2.143335565974548
100,Hawkinsville,Pulaski County,32.270314,-83.48517,12322,22063,55,1,1,4,15,49,1.7966530597668324,4.4635611102093815
101,Blairsville,Union County,34.903397999999996,-84.01915699999998,21080,24412,45,1,1,2,9,55,3.428992981107908,2.1347248576850095
102,Thomson,Labette County,33.490536,-82.5028,17025,21449,25,1,1,1,8,43,2.2422864298660765,1.4684287812041117
103,Thomaston,Upson County,32.895794,-84.33084000000002,22085,22114,120,1,1,1,21,71,0.7662996160104167,5.433552184740774
104,Warm Springs,Meriwether County,32.896166,-84.71191,2571,16714,104,1,1,1,10,70,1.7333563031710637,40.45118630882925
105,Sandersville,Washington County,32.984528999999995,-82.8375,9636,22395,116,1,1,1,9,49,2.0937241958049166,12.038190120381902
106,Jesup,Wayne County,31.578181,-81.880222,23755,21266,115,1,1,1,7,27,1.9527374976642782,4.84108608713955
107,Austell,Cobb County,33.797456,-84.60621,48043,27179,368,1,2,21,45,76,4.106753029450736,7.659804758237413
108,Douglasville,Douglas County,33.689659999999996,-84.74459499999998,110248,30083,102,1,1,4,41,73,3.477649948891766,0.9251868514621581
109,Marietta,Cobb County,33.912473,-84.557181,322628,37165,633,2,2,22,46,74,3.9678115503622897,1.962011976641829
110,Roswell,Chaves County,33.844371,-84.47405,99770,42613,202,0,15,23,46,77,5.139200730369802,2.024656710433998
111,Hiram,Paulding County,33.867574,-84.77103000000002,23326,31176,216,1,3,5,41,72,2.3864802877754845,9.260053159564434
112,Griffin,Muskogee County,33.215454,-84.25426999999998,62128,23932,160,1,1,2,37,75,1.8080337999100664,2.5753283543651815
113,Jackson,Montgomery County,33.294522,-83.97568000000003,23245,24625,21,1,1,4,42,79,0.6515573688564372,0.903420090342009
114,Savannah,Chatham County,31.971394,-81.07155999999998,254069,28652,384,2,2,2,4,17,4.182693278623199,1.5114004463354442
115,Savannah,Chatham County,31.971394,-81.07155999999998,254069,28652,654,2,2,2,4,17,4.182693278623199,2.5741038851650537
116,Fort Oglethorpe,Catoosa County,34.948979,-85.25211999999998,7842,24406,36,1,1,2,7,44,0.6890455419840258,4.590665646518746
117,Blue Ridge,Fannin County,34.851171,-84.32905,11753,26086,50,0,1,1,12,56,5.260206276492625,4.254232961796988
118,Demorest,Habersham County,34.593092,-83.562922,7431,24391,137,1,1,2,11,60,1.690721001903394,18.436280446777015
119,Abbeville,Abbeville County,31.972626,-83.33081999999997,4563,20880,0,0,0,2,13,46,17.185317935457224,0.0
120,Acworth,Cobb County,34.097998,-84.6183,99683,33711,0,0,1,6,44,69,9.620872186943112,0.0
121,Adairsville,Bartow County,34.368646999999996,-84.92452,16138,24570,0,0,1,4,26,60,9.758000044406566,0.0
122,Adrian,Lenawee County,32.549853999999996,-82.56948,3071,19562,0,0,0,1,11,44,13.30398681740534,0.0
123,Ailey,New York County,32.196135999999996,-82.50985,1715,26628,0,0,1,1,8,46,7.907635284722813,0.0
124,Alamo,Tulsa County,32.146031,-82.792,4766,28321,0,0,0,0,11,47,22.670150490430117,0.0
125,Alapaha,Berrien County,31.37966500000001,-83.21803,1972,23214,0,0,0,3,13,33,12.228457335082936,0.0
126,Allenhurst,Monmouth County,31.764663,-81.6098,4006,23444,0,0,1,1,9,22,5.180763771633647,0.0
127,Allentown,Lehigh County,32.600621999999994,-83.22095999999998,88,19375,0,0,0,1,12,52,16.593489407662805,0.0
128,Alma,Crawford County,31.551458,-82.44618,9914,20124,0,0,0,0,9,34,23.097285919829876,0.0
129,Alpharetta,Fulton County,34.080034999999995,-84.21929,189192,51690,0,1,5,14,41,73,2.639779026960968,0.0
130,Alston,Dorchester County,32.083878999999996,-82.47988000000002,69,26786,0,0,0,2,10,45,10.569741102420931,0.0
131,Alto,Cherokee County,34.455729,-83.58913000000003,9042,20189,0,0,1,4,19,63,9.133990613534754,0.0
132,Ambrose,Baltimore County,31.57344,-83.01501999999998,2131,21716,0,0,1,3,12,42,9.900027213368674,0.0
133,Andersonville,Cook County,32.195361,-84.137,967,18912,0,0,1,2,11,43,9.24795824372412,0.0
134,Appling,Shelby County,33.620669,-82.30514000000002,6147,23555,0,0,0,3,6,33,13.191032225773958,0.0
135,Arabi,St. Bernard Parish,31.836577000000002,-83.72045,1084,21425,0,0,0,1,14,41,10.3504575959798,0.0
136,Argyle,Denton County,31.071563,-82.65231999999997,113,15833,0,0,1,1,7,30,7.124303220161331,0.0
137,Armuchee,Floyd County,34.448075,-85.15313,1776,30729,0,0,0,3,12,57,12.0439331139674,0.0
138,Arnoldsville,Oglethorpe County,33.863663,-83.24825,1277,22368,0,0,0,0,15,71,24.031744689054303,0.0
139,Ashburn,Loudoun County,31.709742,-83.66519,5866,22190,0,0,0,3,16,39,17.10492784049297,0.0
140,Auburn,Lee County,34.022974,-83.83416,15428,26042,0,0,2,7,41,76,6.69461327905031,0.0
141,Avera,Lincoln County,33.163467,-82.52017,965,24306,0,0,0,0,10,40,20.11527875185158,0.0
142,Avondale Estates,DeKalb County,33.772121999999996,-84.26491,5920,35693,0,6,12,22,46,79,1.651946824929133,0.0
143,Axson,Atkinson County,31.297883000000002,-82.71029,1468,24761,0,0,0,2,11,33,17.24798900940498,0.0
144,Baconton,Mitchell County,31.3709,-84.12921,2960,22798,0,0,0,4,10,28,10.714653085260121,0.0
145,Baldwin,Douglas County,34.469971,-83.50035,4009,25438,0,0,1,3,16,61,7.9379344327203825,0.0
146,Ball Ground,Cherokee County,34.344939000000004,-84.37204,14606,33798,0,0,2,4,41,66,8.189708088713193,0.0
147,Barnesville,Lamar County,33.05413,-84.14862,12940,18894,0,0,0,4,22,72,11.897985339448644,0.0
148,Barney,Sedgwick County,31.003273999999998,-83.5282,972,19658,0,0,1,4,12,24,9.435343230449035,0.0
149,Bartow,Polk County,32.884137,-82.50969,1805,19507,0,0,0,1,9,43,18.760864101704062,0.0
150,Barwick,ThÃ©rÃ¨se-De Blainville,30.890906,-83.73816,296,22176,0,0,0,3,10,23,12.523593678248863,0.0
151,Baxley,Appling County,31.768849,-82.35198000000003,16247,20967,0,0,0,1,9,36,16.210675870215173,0.0
152,Bishop,Inyo County,33.804849,-83.48164,5726,39174,0,0,0,3,26,77,15.462151567136805,0.0
153,Blackshear,Tom Green County,31.307234,-82.25779,14541,21948,0,0,1,1,6,30,7.780052294648863,0.0
154,Bloomingdale,Allen County,32.129474,-81.33121,8139,27154,0,0,0,3,10,18,15.258789698923716,0.0
155,Blythe,Riverside County,33.297318,-82.21503,2735,24571,0,0,0,4,8,33,14.768880153752441,0.0
156,Bogart,Oconee County,33.927792,-83.51552,11803,31600,0,0,0,2,34,78,12.351484676905567,0.0
157,Boston,Suffolk County,30.782963,-83.78882,3211,23785,0,0,0,2,8,19,11.281437747655744,0.0
158,Bostwick,Putnam County,33.754234999999994,-83.511055,130,17714,0,0,0,2,32,77,12.938166535747568,0.0
159,Bowdon,Carroll County,33.533934,-85.26088,7351,21243,0,0,0,1,10,58,11.042001974841764,0.0
160,Bowersville,Hart County,34.370551,-83.05998000000002,2012,21774,0,0,1,1,8,56,6.333397430048303,0.0
161,Bowman,Bowman County,34.193943,-83.03375,3256,23739,0,0,0,2,10,62,10.677352839111371,0.0
162,Box Springs,Rogers County,32.527813,-84.59822,3240,22345,0,0,0,0,8,60,20.609176239490075,0.0
163,Bristol,Sullivan County,31.513510999999998,-82.18481,927,20565,0,0,0,1,10,33,17.84129773460134,0.0
164,Brooklet,Bulloch County,32.3456,-81.62339,6161,30633,0,0,1,2,12,24,9.820504518286278,0.0
165,Brooks,Wilson County,33.275707000000004,-84.46706,2864,35662,0,0,0,4,37,74,11.83666497070443,0.0
166,Broxton,Los Angeles County,31.67654000000001,-82.88991,3474,25177,0,0,0,1,11,44,11.530094149071,0.0
167,Buchanan,Botetourt County,33.846270000000004,-85.20291,6649,24277,0,0,0,2,25,60,11.560530083329164,0.0
168,Buckhead,Fulton County,33.527207000000004,-83.34676,2140,26886,0,0,2,3,20,77,6.8132568534214935,0.0
169,Buena Vista,Chaffee County,32.315915000000004,-84.52238,5487,21835,0,0,0,0,9,43,23.21104140861723,0.0
170,Buford,Gwinnett County,34.089419,-83.94700999999998,99103,34818,0,0,2,8,41,74,6.5917029168952865,0.0
171,Butler,Butler County,32.563544,-84.2461,4476,23952,0,0,0,0,17,67,22.45640409535571,0.0
172,Byromville,Dooly County,32.199721000000004,-83.91327,1132,18878,0,0,1,2,16,50,9.43300764085212,0.0
173,Cadwell,Benton County,32.309003000000004,-83.02646999999997,1317,16112,0,0,0,2,12,51,12.297936703076415,0.0
174,Camak,Warren County,33.453039000000004,-82.64828,70,32708,0,0,1,1,11,55,9.737566123729197,0.0
175,Canon,Los Angeles County,34.338008,-83.09656,5179,18854,0,0,1,1,8,56,7.350230489957084,0.0
176,Carlton,Tulsa County,33.994139000000004,-82.97819,2393,21594,0,0,0,1,9,61,10.133108626334167,0.0
177,Carnesville,Franklin County,34.360544,-83.28544000000002,5042,25852,0,0,0,3,11,63,10.369557714166564,0.0
178,Cataula,Harris County,32.651617,-84.88805,5865,33027,0,0,1,2,6,56,8.865645009240545,0.0
179,Cave Spring,Floyd County,34.118206,-85.34000999999998,2896,27203,0,0,0,3,11,56,10.925700208463539,0.0
180,Cecil,Tulsa County,31.047996,-83.39135,247,20703,0,1,1,4,14,27,4.685094454156294,0.0
181,Centerville,Montgomery County,32.632111,-83.67795,6464,34868,0,1,2,7,17,69,2.9328819817879284,0.0
182,Chauncey,Lawrence County,32.108676,-83.06006,694,23958,0,0,1,1,11,48,8.701355969527901,0.0
183,Cherrylog,Gilmer County,34.801665,-84.37931,897,23906,0,0,1,1,12,57,8.006121610634917,0.0
184,Chester,Cheshire West and Chester,32.396381,-83.16892,3099,24198,0,0,0,3,17,52,10.423466743975396,0.0
185,Chickamauga,Walker County,34.827019,-85.32883000000002,15956,25303,0,0,1,2,6,44,9.048838477430808,0.0
186,Chula,San Diego County,31.592199,-83.48004,1319,26181,0,0,1,3,15,35,8.37396448814592,0.0
187,Cisco,Benton County,34.945576,-84.7113,234,33011,0,0,0,3,7,53,12.122608788834121,0.0
188,Clarkesville,Habersham County,34.700311,-83.51879,12230,25393,0,0,1,2,10,56,8.28706287952293,0.0
189,Clarkston,Oakland County,33.809604,-84.2387,24137,20929,0,6,17,24,45,77,1.2749105127568297,0.0
190,Clayton,Johnston County,34.882362,-83.4156,7305,19946,0,0,0,1,8,48,19.705332146494005,0.0
191,Clermont,Lake County,34.481514000000004,-83.78599,4377,26373,0,0,0,3,20,65,11.200044806052528,0.0
192,Cleveland,Cuyahoga County,34.595859000000004,-83.76194,24761,25071,0,0,0,2,18,61,12.858577822465367,0.0
193,Clyo,Effingham County,32.508239,-81.3128,2621,26986,0,0,1,1,9,21,9.927892028430856,0.0
194,Cobb,McDonald County,31.959366999999997,-83.96028000000003,715,15755,0,0,0,2,15,42,10.586078089448046,0.0
195,Cobbtown,Tattnall County,32.301639,-82.11842,845,22266,0,0,1,4,12,38,7.894820759776606,0.0
196,Cohutta,Whitfield County,34.935105,-84.94641999999997,7154,31602,0,0,0,3,8,50,10.239348211548961,0.0
197,Colbert,Bryan County,34.041416,-83.21996999999998,6874,26875,0,0,0,1,14,67,18.78793462980129,0.0
198,Collins,Nowata County,32.186824,-82.10699,3322,22727,0,0,1,4,12,39,7.324207542441584,0.0
199,Comer,Madison County,34.072573,-83.11913,4735,22107,0,0,0,1,11,65,14.295303936157216,0.0
200,Concord,Contra Costa County,33.109598999999996,-84.45541,3609,31576,0,0,0,2,28,73,14.099225763750159,0.0
201,Conley,Clayton County,33.647275,-84.32753000000002,9230,27808,0,0,7,20,45,79,5.893602312977469,0.0
202,Coolidge,Essex County,31.012041999999997,-83.87218,1935,24940,0,0,1,2,12,24,9.544508888271636,0.0
203,Cornelia,Habersham County,34.514215,-83.54118000000003,10818,25113,0,1,1,2,14,61,4.6124254484290566,0.0
204,Crandall,Kaufman County,34.93882,-84.76558,3551,26672,0,0,0,2,7,53,10.995928608467969,0.0
205,Crawford,Crawford County,33.892957,-83.15548000000003,2264,21301,0,0,0,0,14,70,22.14467946833296,0.0
206,Crawfordville,Wakulla County,33.570316999999996,-82.88542,1647,19830,0,0,0,0,9,68,21.48494871652148,0.0
207,Culloden,Highland Council,32.861385999999996,-84.11731999999998,2033,20720,0,0,0,2,15,70,12.8733427718528,0.0
208,Cusseta,Chattahoochee County,32.285534999999996,-84.76332,2431,21033,0,0,0,1,6,34,18.553612883052537,0.0
209,Dacula,Gwinnett County,33.981721,-83.88302,49262,38465,0,0,2,7,40,76,7.826970881172923,0.0
210,Daisy,Benton County,32.150061,-81.83478000000002,121,18750,0,1,1,3,14,29,3.9120966185060593,0.0
211,Dallas,Dallas County,33.892503999999995,-84.8346,89783,32294,0,1,1,5,40,69,3.1012172123880877,0.0
212,Danielsville,Madison County,34.17085,-83.24654,9227,26681,0,0,0,2,13,67,13.137592688440852,0.0
213,Danville,Contra Costa County,32.600844,-83.24549,1913,20712,0,0,0,1,12,53,16.02554576587897,0.0
214,Darien,Fairfield County,31.407597999999997,-81.39094,5983,23883,0,0,0,1,6,18,16.92641418528554,0.0
215,Davisboro,Washington County,32.976548,-82.61607,2674,7448,0,0,0,1,9,44,11.000489676311098,0.0
216,Dawsonville,Dawson County,34.416521,-84.10849,28843,30879,0,0,0,4,41,65,10.54771533952911,0.0
217,De Soto,Johnson County,31.930451,-84.02920999999998,444,9976,0,0,0,2,12,41,14.919746729342288,0.0
218,Dearing,Montgomery County,33.397137,-82.40335,4499,19427,0,0,0,2,8,41,10.376457025792618,0.0
219,Denton,Denton County,31.718382000000002,-82.73595,650,19412,0,0,0,2,12,48,12.185261044008268,0.0
220,Dewy Rose,Elbert County,34.212835999999996,-82.94112,1802,19906,0,0,1,2,6,56,7.848051428450756,0.0
221,Dexter,Cowley County,32.427633,-83.05632,2035,23851,0,0,0,2,15,53,17.22872304320421,0.0
222,Dillard,Benton County,34.977198,-83.35161,1534,21918,0,0,0,0,6,41,22.915654187339765,0.0
223,Dixie,Washington County,30.802821,-83.69126,732,39050,0,0,1,2,10,21,7.874791627832181,0.0
224,Doerun,Colquitt County,31.325003999999996,-83.90937,2791,25365,0,0,0,3,14,27,13.501335282090418,0.0
225,Dry Branch,Twiggs County,32.719907,-83.4905,1688,18750,0,0,0,6,17,72,10.873689783978842,0.0
226,Du Pont,Johnson County,30.963729999999998,-82.86455,560,19868,0,0,1,2,9,27,7.674463151316551,0.0
227,Dudley,Worcester County,32.516865,-83.09905,1715,27457,0,0,0,1,14,53,17.09658230064162,0.0
228,Eastanollee,Stephens County,34.511618,-83.25811,3120,22088,0,0,2,3,11,56,7.593424890514526,0.0
229,Eden,Washington County,32.183211,-81.39979,908,18750,0,0,0,1,10,23,13.314213935012305,0.0
230,Elko,Elko County,32.335147,-83.74571,866,51757,0,0,1,4,14,51,8.78965640315785,0.0
231,Ellabell,Bryan County,32.172661,-81.48447,7114,26737,0,0,0,1,10,24,16.326438295994492,0.0
232,Ellaville,Schley County,32.246795,-84.32008,5180,27406,0,0,0,2,13,40,12.958706489132577,0.0
233,Ellenton,Manatee County,31.176563,-83.58801,156,11131,0,0,0,2,16,27,10.634210330400863,0.0
234,Ellenwood,Clayton County,33.639658000000004,-84.26822,41782,31439,0,0,2,20,45,79,8.1430527252681,0.0
235,Ellerslie,Weld County,32.634965,-84.80136999999998,3215,29924,0,0,0,3,6,58,11.1459890528964,0.0
236,Ellijay,Gilmer County,34.688716,-84.46715999999998,20169,22275,0,0,0,3,16,60,16.64596758901945,0.0
237,Emerson,Tulsa County,34.124283,-84.75579,1807,24091,0,0,1,4,40,67,5.7564496101008364,0.0
238,Enigma,Tulsa County,31.439212,-83.34040999999998,2649,22908,0,0,1,4,14,35,9.16797517113433,0.0
239,Epworth,Blair County,34.925622,-84.42981,1580,23077,0,1,1,1,10,53,3.1966338200185533,0.0
240,Evans,Washington County,33.551145,-82.13949000000002,45542,41069,0,0,2,4,5,29,5.168889621530795,0.0
241,Fairburn,Fulton County,33.565661999999996,-84.59321,32729,30412,0,0,1,9,43,74,9.202390598209165,0.0
242,Fairmount,Sedgwick County,34.434629,-84.70133,4143,28901,0,0,0,4,34,62,13.85910562668504,0.0
243,Fargo,Cass County,30.680867,-82.58028,415,25509,0,0,0,0,4,19,26.675492997171084,0.0
244,Fleming,Tulsa County,31.873145,-81.42676,923,19800,0,0,0,1,9,19,10.50437493367982,0.0
245,Flintstone,Walker County,34.932348,-85.35064,4646,21244,0,0,1,1,6,42,5.019729689411756,0.0
246,Flovilla,Butts County,33.251174,-83.89284,2376,15399,0,0,1,3,33,77,6.109395327916036,0.0
247,Flowery Branch,Hall County,34.188280999999996,-83.91813,37056,33127,0,0,2,7,41,73,6.568843260389139,0.0
248,Folkston,Charlton County,30.860915000000002,-82.02194,10970,22647,0,0,0,0,4,21,24.805501164314304,0.0
249,Fort Stewart,Liberty County,31.868699,-81.61083,9275,27002,0,1,1,1,10,22,2.0951346655585463,0.0
250,Fort Valley,Peach County,32.555679999999995,-83.88641,17701,18661,0,0,1,4,15,68,8.153254966932645,0.0
251,Fortson,McLennan County,32.638884999999995,-85.00735999999998,6961,41761,0,0,1,2,5,53,7.899162874795829,0.0
252,Franklin,Crawford County,33.298014,-85.12243000000002,9144,25124,0,0,0,2,13,63,18.77304543138916,0.0
253,Garfield,Labette County,32.632683,-82.036,1339,25313,0,0,0,3,9,35,13.223164619962262,0.0
254,Gay,Tulsa County,33.121379,-84.58776,1628,31030,0,0,0,2,26,72,16.924489045268476,0.0
255,Geneva,Geneva,32.577909999999996,-84.54513,245,15083,0,0,0,0,11,63,22.917566220391382,0.0
256,Gibson,Montgomery County,33.236721,-82.58135,1906,23345,0,0,0,0,11,44,20.262372205337087,0.0
257,Gillsville,Banks County,34.29945900000001,-83.65226,4853,24277,0,0,1,3,30,67,9.358266822796438,0.0
258,Girard,Crawford County,33.032445,-81.63251,782,20893,0,0,0,1,9,22,19.48981171632376,0.0
259,Glennville,Tattnall County,31.945767,-81.93594,12301,23832,0,0,0,2,10,28,13.76332809017653,0.0
260,Glenwood,Garfield County,32.190739,-82.69115,2783,19120,0,0,0,1,11,53,18.522415788817188,0.0
261,Good Hope,Harris County,33.766057,-83.57597,1957,30071,0,0,0,4,37,81,10.282082171539184,0.0
262,Gordon,Butler County,32.891498999999996,-83.32748000000002,6213,23844,0,0,0,4,18,78,14.465505149074064,0.0
263,Gracewood,Tulsa County,33.386041,-82.09099599999998,394,16385,0,0,4,4,7,28,6.911437749455198,0.0
264,Grantville,San Diego County,33.230734000000005,-84.82543000000003,5375,26820,0,0,1,3,24,68,9.654393268044691,0.0
265,Gray,Jones County,33.003454999999995,-83.55078,15113,31832,0,0,0,5,20,81,11.49408773692728,0.0
266,Grayson,Knox County,33.888829,-83.96848,24416,39645,0,0,1,12,43,77,5.846595314114264,0.0
267,Greenville,Greenville County,33.034760999999996,-84.73593000000002,4116,20864,0,0,0,2,14,69,10.479343251991303,0.0
268,Grovetown,Columbia County,33.459489000000005,-82.20102,44065,33210,0,0,1,5,7,31,6.421485217543626,0.0
269,Guyton,Effingham County,32.313815999999996,-81.3908,20297,35947,0,0,1,1,10,21,5.38756598821996,0.0
270,Haddock,Sedgwick County,33.053288,-83.43902,1815,32917,0,0,0,6,18,79,11.511254851375956,0.0
271,Hagan,Evans County,32.159458,-81.93724,210,19018,0,1,1,3,13,31,2.30185347982255,0.0
272,Hahira,Lowndes County,30.991859,-83.36415,12958,26817,0,0,1,5,13,25,8.870352109772785,0.0
273,Hamilton,Greenwood County,32.722333,-84.95803000000002,6272,30356,0,0,0,3,7,56,12.943707894899735,0.0
274,Harlem,New York County,33.423590000000004,-82.31013,8538,24462,0,0,0,5,7,36,13.022030795644184,0.0
275,Harrison,Boone County,32.835471000000005,-82.70761,1261,28586,0,0,0,1,8,47,12.397388221047537,0.0
276,Hartwell,Hart County,34.366948,-82.9201,16009,21124,0,0,0,2,5,53,13.114226967475838,0.0
277,Helen,White County,34.713440999999996,-83.74189,698,28750,0,0,0,4,13,60,14.812241927977167,0.0
278,Helena,Lewis and Clark County,32.094127,-82.91713,4619,16687,0,0,0,1,10,48,16.534195148860363,0.0
279,Hephzibah,Richmond County,33.32157,-82.08872,40347,25155,0,0,0,4,8,27,10.772934782634993,0.0
280,Hillsboro,Washington County,33.172786,-83.63554,566,28059,0,0,0,2,21,82,10.197296099370163,0.0
281,Hoboken,Hudson County,31.1747,-82.13812,3170,22297,0,0,0,1,6,27,12.907575925554584,0.0
282,Hogansville,Troup County,33.173516,-84.91736999999998,9470,21308,0,0,0,3,13,67,12.793656881430657,0.0
283,Homer,Stone County,34.348822,-83.47738000000003,3209,20156,0,0,1,4,16,64,8.946962893757135,0.0
284,Hortense,Indian River County,31.320166999999998,-81.85818,4292,21034,0,0,0,1,5,26,19.49527667268758,0.0
285,Hoschton,Jackson County,34.097915,-83.77864,18630,36589,0,1,2,5,38,73,3.734561274918245,0.0
286,Ideal,Tulsa County,32.371371,-84.18258,689,14451,0,0,0,1,17,58,10.395010825536234,0.0
287,Irwinton,Wilkinson County,32.7615,-83.1612,1477,22485,0,0,0,0,17,64,23.13900980262722,0.0
288,Jacksonville,Duval County,31.840974,-82.96137,778,20139,0,0,0,0,11,44,20.16563952640791,0.0
289,Jefferson,Montgomery County,34.112581,-83.58251,24892,30514,0,0,1,4,32,73,9.837321891687203,0.0
290,Jeffersonville,Clark County,32.63078400000001,-83.37026999999998,3463,19853,0,0,0,2,15,67,15.250974914062494,0.0
291,Jenkinsburg,Butts County,33.325951,-84.03345999999998,2060,25606,0,1,1,2,43,80,3.5657689066391836,0.0
292,Jonesboro,Craighead County,33.528345,-84.33346999999998,88804,26293,0,1,1,13,46,80,4.784392586446826,0.0
293,Juliette,Kings County,33.054590999999995,-83.78583,3198,24131,0,0,1,6,19,73,9.397528683559894,0.0
294,Junction City,Geary County,32.614374,-84.44513,585,11987,0,0,0,1,15,67,19.74395579551412,0.0
295,Kathleen,Ottawa County,32.509384000000004,-83.64773000000002,14625,38209,0,0,3,5,16,63,5.025332296463269,0.0
296,Kennesaw,Cobb County,34.038949,-84.59706,99130,35982,0,0,1,12,44,72,5.424521637507634,0.0
297,Keysville,Charlotte County,33.162490000000005,-82.18933,2024,26652,0,0,0,0,9,32,22.978704181387908,0.0
298,Kings Bay,Camden County,30.804684,-81.627717,1420,21594,0,1,1,1,2,15,1.7999117877140096,0.0
299,Kingsland,Llano County,30.793409000000004,-81.68428,21146,27743,0,1,1,1,3,15,4.2008054307483675,0.0
300,Kingston,Caldwell County,34.237986,-84.97801,7142,29190,0,0,0,5,33,62,10.80334759607406,0.0
301,Kite,Sedgwick County,32.69992,-82.51380999999998,1856,23488,0,0,0,1,7,44,12.202834201617193,0.0
302,Knoxville,Knox County,32.742084999999996,-83.94646,861,14004,0,0,0,5,18,75,14.432106269713072,0.0
303,La Fayette,Chambers County,34.696201,-85.25824,20609,21067,0,0,0,2,9,50,16.846756907562735,0.0
304,Lagrange,Troup County,33.036715,-84.98895,54380,23961,0,1,1,1,11,63,4.064631435341222,0.0
305,Lake Park,San Luis Obispo County,30.722890000000003,-83.13302,10640,22008,0,0,0,1,7,21,13.203098730309675,0.0
306,Lakemont,Delaware County,34.763553,-83.44201,1805,25919,0,0,0,2,9,51,12.92469288986943,0.0
307,Leesburg,Loudoun County,31.714526,-84.16931,24186,36161,0,0,2,2,9,35,7.45645761202906,0.0
308,Lenox,Fulton County,31.291612,-83.45328,2891,22323,0,0,0,3,16,30,12.561803889780673,0.0
309,Leslie,Ingham County,31.98309,-84.06866,1514,23716,0,0,0,2,10,39,12.399522225462396,0.0
310,Lexington,Fayette County,33.863779,-83.06063,3094,24657,0,0,0,0,11,68,20.24015127562998,0.0
311,Lilburn,Gwinnett County,33.960353000000005,-84.037859,65420,31381,0,1,2,22,43,77,1.1857597786498517,0.0
312,Lilly,Marion County,32.148624,-83.88003,140,18750,0,0,0,2,15,47,13.134134857292404,0.0
313,Lincolnton,Lincoln County,33.765566,-82.43899,7642,24737,0,0,0,1,6,33,17.10135149547963,0.0
314,Lindale,Smith County,34.175095,-85.18084,4339,22784,0,0,2,3,16,59,5.8001616217601315,0.0
315,Lithia Springs,Douglas County,33.776137,-84.64484,25786,29476,0,0,2,18,42,76,5.624764542460027,0.0
316,Lizella,Bibb County,32.788484000000004,-83.80726,8557,31168,0,0,1,7,17,75,8.691692263747015,0.0
317,Locust Grove,Henry County,33.351277,-84.10645,25161,33352,0,0,1,2,43,80,8.132049863765038,0.0
318,Loganville,Walton County,33.823809000000004,-83.89423000000002,65959,31550,0,0,1,7,43,77,8.459552601920507,0.0
319,Lookout Mountain,Walker County,34.957134,-85.37183,4753,15104,0,0,1,1,6,33,6.160369015261523,0.0
320,Louisville,Jefferson County,33.008983,-82.37799999999999,5386,19028,0,0,0,0,10,37,24.75767248139298,0.0
321,Louvale,Stewart County,32.154164,-84.83856999999998,234,38594,0,0,0,0,4,32,23.99508617183033,0.0
322,Lovejoy,Collin County,33.437428000000004,-84.31519,656,7455,0,0,0,3,42,78,10.686670424029439,0.0
323,Ludowici,Perry County,31.749909999999996,-81.75813000000002,13243,26653,0,0,0,2,11,24,11.11783526240022,0.0
324,Lula,Cook County,34.391688,-83.65979,7687,27146,0,0,0,3,20,67,10.775436739187315,0.0
325,Lumber City,Telfair County,31.928525,-82.69332,2157,17421,0,0,1,1,10,45,7.0537237848675405,0.0
326,Lumpkin,Stewart County,32.030297,-84.81218,3677,15625,0,0,0,0,6,32,32.567859904342846,0.0
327,Luthersville,Meriwether County,33.201986,-84.69943,2316,25291,0,0,0,2,27,72,11.212898243181735,0.0
328,Lyerly,Chattooga County,34.376063,-85.4043,1933,18023,0,0,0,2,9,50,13.791825915981232,0.0
329,Lyons,Rice County,32.177508,-82.30448,12092,22341,0,1,1,2,10,42,4.708708057623542,0.0
330,Mableton,Cobb County,33.817738,-84.56087,41665,36417,0,1,2,21,45,77,3.703554207555956,0.0
331,Manchester,Greater Manchester,32.862377,-84.60879,5231,19761,0,1,1,2,11,69,4.709749954027017,0.0
332,Manor,Travis County,31.101953,-82.58299,801,20547,0,0,0,2,6,30,11.723102057511626,0.0
333,Mansfield,Tarrant County,33.504952,-83.74735,3306,27338,0,0,1,5,40,81,8.818592726638736,0.0
334,Marshallville,Wayne County,32.446656,-83.93413000000002,2238,19246,0,0,0,3,15,60,11.915230885011157,0.0
335,Martin,Montgomery County,34.491828999999996,-83.17539000000002,4813,21529,0,1,1,2,10,57,4.32281326800479,0.0
336,Matthews,Mecklenburg County,33.244828999999996,-82.32636,622,26968,0,0,0,0,8,39,21.368637591700942,0.0
337,Mauk,Taylor County,32.498727,-84.42804,1361,23194,0,0,0,0,11,62,27.202544152931726,0.0
338,Maysville,Mason County,34.258054,-83.56058,5998,20858,0,0,1,4,22,72,5.915959726638657,0.0
339,McCaysville,Fannin County,34.977037,-84.39839,2273,21648,0,1,1,1,9,53,4.310060621929272,0.0
340,McIntyre,Regional Municipality of Durham,32.875574,-83.19785,1543,24091,0,0,0,1,16,74,15.010961665226336,0.0
341,McRae,White County,32.045313,-82.8916,8194,18310,0,0,0,1,10,46,19.369017342857095,0.0
342,Mcdonough,Henry County,33.455031,-84.17215,101462,34107,0,0,0,6,46,80,15.202937191899373,0.0
343,Meansville,Pike County,33.015476,-84.32186999999998,2589,28670,0,0,1,2,21,74,8.973417926310603,0.0
344,Meigs,Cherokee County,31.082140999999996,-84.05767,2774,18770,0,0,0,3,11,23,13.41510290773735,0.0
345,Meldrim,Effingham County,32.141974,-81.37892,432,30022,0,0,0,3,10,21,15.6973817078621,0.0
346,Menlo,Montgomery County,34.553484999999995,-85.47893,2221,25386,0,0,0,0,8,48,25.03960976628576,0.0
347,Mershon,Clark County,31.496025,-82.27322,963,17451,0,0,0,1,8,33,19.18104733198217,0.0
348,Midland,Midland County,32.566196999999995,-84.84121999999998,10815,45584,0,0,1,2,6,55,6.7772255229429765,0.0
349,Midville,Burke County,32.792831,-82.23715,1701,20953,0,0,0,2,13,38,15.204502643800582,0.0
350,Midway,Cook County,31.788811,-81.37637,8258,30553,0,0,0,1,9,19,13.667640100911818,0.0
351,Milan,Metropolitan City of Milan,32.003035,-83.06336999999998,1866,21939,0,0,0,1,11,47,14.249828937255769,0.0
352,Millwood,Oklahoma County,31.281103,-82.6201,842,19049,0,0,0,2,11,32,16.557624206814744,0.0
353,Milner,McCracken County,33.136567,-84.19386,4345,26406,0,0,1,4,31,74,8.259844715887784,0.0
354,Mineral Bluff,Fannin County,34.949754999999996,-84.28317,4701,20721,0,0,1,2,9,54,5.62616061581144,0.0
355,Mitchell,Montgomery County,33.224199,-82.713,1112,24795,0,0,0,1,11,51,16.594720500772848,0.0
356,Molena,Pike County,32.999261,-84.47168,3047,24274,0,0,0,2,16,74,11.067883011131412,0.0
357,Montrose,Montrose County,32.564036,-83.16019,1193,23144,0,0,0,1,13,53,16.474739581559913,0.0
358,Moreland,Santa Clara County,33.277468,-84.75388000000002,2886,31997,0,0,2,3,33,70,5.536823618427528,0.0
359,Morganton,Burke County,34.887912,-84.2098,4759,22082,0,0,1,2,12,54,9.56725560339957,0.0
360,Morrow,Clayton County,33.500696999999995,-84.35127299999998,25487,22111,0,0,2,8,42,81,5.858305295976838,0.0
361,Morven,Anson County,30.935087,-83.50211,1107,16146,0,0,0,3,12,23,10.225946387757096,0.0
362,Mount Airy,Surry County,34.549681,-83.47201,5955,25963,0,1,2,2,12,58,4.294708901183922,0.0
363,Mount Berry,Floyd County,34.280355,-85.182085,1935,3561,0,2,2,3,16,58,0.7720615130662436,0.0
364,Mount Vernon,Fairfax County,32.186824,-82.59170999999998,3929,14563,0,0,0,1,9,48,12.746254451260137,0.0
365,Mountain City,Johnson County,34.917466,-83.38486999999998,1386,16843,0,0,0,0,8,47,21.03649799759554,0.0
366,Murrayville,New Hanover County,34.466226,-83.88441999999998,3414,25034,0,0,1,2,26,65,6.517229096225029,0.0
367,Musella,Crawford County,32.799959,-84.00588,1492,26875,0,0,0,3,17,72,16.337099481010853,0.0
368,Nahunta,Wayne County,31.17326,-81.97244,4369,16798,0,0,0,0,5,25,22.528153938988822,0.0
369,Naylor,Burnet County,30.934298,-83.08841,1966,25788,0,0,1,2,11,26,7.444310992154602,0.0
370,Newborn,Tulsa County,33.500008,-83.67165,2217,29643,0,0,0,3,40,81,12.335095376564498,0.0
371,Newington,Hartford County,32.567281,-81.48626999999998,1251,17946,0,0,0,3,9,21,15.681047487619882,0.0
372,Nicholls,Lafourche Parish,31.49598300000001,-82.62928000000002,8611,22315,0,0,0,1,9,39,13.898284600197297,0.0
373,Nicholson,Jackson County,34.094345000000004,-83.41617,4424,26805,0,0,1,2,20,71,9.113562326097457,0.0
374,Norcross,Gwinnett County,33.940768,-84.2062,115744,29016,0,2,9,24,45,75,1.9625906241806008,0.0
375,Norman Park,Colquitt County,31.256287,-83.66005,6204,20124,0,0,0,3,14,27,11.469246010601397,0.0
376,Norwood,Norfolk County,33.477946,-82.73454,765,21974,0,0,0,1,11,65,13.792054257505702,0.0
377,Nunez,St. Bernard Parish,32.49126,-82.36787,76,41250,0,0,1,3,10,43,7.097645236236212,0.0
378,Oakfield,Fond du Lac County,31.723178000000004,-83.9628,536,20446,0,0,0,3,12,36,14.573458731768476,0.0
379,Oakwood,Tarrant County,34.236556,-83.89115,7736,27851,0,0,2,4,40,72,6.3381858002939255,0.0
380,Ochlocknee,Thomas County,30.977162,-84.0615,3547,24837,0,0,0,3,10,21,11.73985161583232,0.0
381,Oconee,Oconee County,32.860031,-82.95019,252,25227,0,0,0,1,13,50,12.64110842971314,0.0
382,Odum,Oklahoma County,31.670475,-82.04944,2793,22345,0,0,0,1,9,29,10.024996396369074,0.0
383,Offerman,Pierce County,31.412649,-82.11554100000002,88,18958,0,0,0,2,8,29,18.160913190930486,0.0
384,Oglethorpe,DeKalb County,32.329164,-84.07988,5079,24861,0,1,1,1,14,48,3.7906350813379994,0.0
385,Oliver,Tulsa County,32.528104,-81.533198,163,25625,0,0,0,3,11,22,15.917553185607915,0.0
386,Omaha,Douglas County,32.1342,-84.98499,263,18622,0,0,0,0,3,30,23.84479506985306,0.0
387,Omega,Tulsa County,31.334062,-83.59971,3339,21320,0,0,0,4,16,28,11.410764994341276,0.0
388,Oxford,Oxfordshire,33.658113,-83.86249000000002,11904,25394,0,1,2,4,41,80,4.00161985948498,0.0
389,Palmetto,Greenville County,33.527793,-84.69453,10434,23888,0,0,0,6,41,73,10.528802826404654,0.0
390,Patterson,Tulsa County,31.372403000000002,-82.10743000000002,3229,25316,0,0,0,2,8,28,17.480531753075468,0.0
391,Pavo,King County,30.966781,-83.72075,2316,20846,0,0,0,4,10,23,11.510417549337125,0.0
392,Peachtree City,Fayette County,33.398992,-84.57061999999998,35904,47760,0,0,1,4,38,74,5.17348037601164,0.0
393,Pearson,Shawnee County,31.272909999999996,-82.83341999999998,4779,20696,0,0,0,2,11,33,16.479428579619736,0.0
394,Pelham,Westchester County,31.117271000000002,-84.15678,9998,22604,0,0,1,1,9,23,8.266679228022895,0.0
395,Pembroke,Robeson County,32.163245,-81.64211,7640,24346,0,0,0,2,12,24,15.044399844384273,0.0
396,Pendergrass,Jackson County,34.167309,-83.68536,3188,29817,0,0,1,4,38,72,9.339601578749104,0.0
397,Perkins,Kay County,32.914843,-81.87901,784,17292,0,0,1,2,10,25,8.272118511358478,0.0
398,Pine Lake,DeKalb County,33.791505,-84.20642,727,40599,0,3,8,24,45,79,3.399658598166778,0.0
399,Pine Mountain,Cobb County,32.867211,-84.88436999999998,5929,26832,0,0,0,2,10,66,11.795640424049246,0.0
400,Pine Mountain Valley,Harris County,32.801173999999996,-84.82038,797,25568,0,0,0,2,9,63,10.028259743596111,0.0
401,Pinehurst,Moore County,32.185677,-83.76348,985,29792,0,0,0,4,17,50,14.379116419916793,0.0
402,Pineview,Forrest County,32.13702,-83.52604000000002,1200,20574,0,0,0,2,16,49,11.251364562084579,0.0
403,Pitts,Montgomery County,31.951839,-83.56747,1357,23417,0,0,0,1,15,47,12.68486812698283,0.0
404,Plains,Meade County,32.026125,-84.39361,2100,20239,0,0,1,1,9,39,8.573401279954442,0.0
405,Plainville,Hartford County,34.409661,-85.03345,2143,23214,0,0,1,4,16,59,9.244094520600523,0.0
406,Pooler,Chatham County,32.110421,-81.24568000000002,25459,40454,0,0,0,3,7,17,10.26223796515963,0.0
407,Portal,Alameda County,32.55565900000001,-81.9242,2192,15615,0,0,0,3,9,31,13.155839454435135,0.0
408,Porterdale,Newton County,33.576043,-83.89820999999998,484,12149,0,1,2,5,41,81,3.3894026233199703,0.0
409,Poulan,Richmond County,31.526584000000003,-83.79025,2264,23711,0,1,1,2,13,35,3.1244808768361563,0.0
410,Powder Springs,Cobb County,33.87455300000001,-84.68784000000002,67688,34615,0,1,3,15,41,74,4.925014391059722,0.0
411,Preston,Montgomery County,32.051618,-84.53419,1695,20767,0,0,0,1,7,35,16.3815428973155,0.0
412,Rabun Gap,Rabun County,34.952452,-83.4073,1645,27471,0,0,0,1,6,46,19.66580603860075,0.0
413,Ranger,New York County,34.531444,-84.69955,3779,26104,0,0,0,3,26,60,13.019472418091155,0.0
414,Ray City,Berrien County,31.070627,-83.20286,5053,24453,0,0,2,4,13,28,7.182504971600811,0.0
415,Rayle,Wilkes County,33.775127000000005,-82.94624,1204,15085,0,0,0,0,9,66,23.66537173624815,0.0
416,Rebecca,New York County,31.767985999999997,-83.47325,883,26758,0,0,0,2,16,41,13.466171759219959,0.0
417,Register,Montgomery County,32.327219,-81.89818000000002,1372,24971,0,0,1,3,10,29,9.588321785562215,0.0
418,Rentz,Pasco County,32.370333,-82.96091,2677,20211,0,0,0,1,11,54,17.99519414053476,0.0
419,Resaca,Gordon County,34.604648,-84.91926,6334,23011,0,0,1,3,13,56,6.5223355695198855,0.0
420,Rex,New York County,33.582877,-84.26906,14663,29719,0,0,1,15,45,81,6.961759981463633,0.0
421,Reynolds,Montgomery County,32.54748,-84.10042,3414,19802,0,0,0,1,17,66,17.94017550821886,0.0
422,Riceboro,Liberty County,31.658252,-81.48778,1213,21571,0,0,0,1,8,19,14.153457085047288,0.0
423,Richland,Dallas County,32.109225,-84.66063,2358,22500,0,0,0,0,6,33,23.93764299704664,0.0
424,Richmond Hill,Bryan County,31.919866,-81.325815,25643,37143,0,0,0,3,8,18,15.199849949505639,0.0
425,Ringgold,Catoosa County,34.916552,-85.14435,43149,29406,0,0,1,2,7,45,7.1080745875742055,0.0
426,Rising Fawn,Dade County,34.793833,-85.49945,3766,23759,0,0,0,1,6,41,17.038342160073196,0.0
427,Roberta,Crawford County,32.702635,-84.03811,2973,22416,0,0,0,1,17,71,17.590966395755533,0.0
428,Rochelle,Ogle County,31.933079,-83.45721999999998,2161,24764,0,0,0,2,16,47,19.283318644871333,0.0
429,Rock Spring,Walker County,34.801988,-85.21956,6460,29036,0,0,0,2,8,47,10.30519373472643,0.0
430,Rockledge,Brevard County,32.432854,-82.72979000000002,680,18226,0,0,0,0,9,49,24.909199176004662,0.0
431,Rockmart,Polk County,33.987497,-85.05508,18375,24357,0,0,1,3,35,63,8.32350916515597,0.0
432,Rocky Face,Alexander County,34.757918,-85.05879,8457,28792,0,1,1,4,10,55,4.7519968862741,0.0
433,Rocky Ford,Otero County,32.697762,-81.81036,465,22095,0,0,0,3,9,24,10.181302430863562,0.0
434,Roopville,Carroll County,33.434562,-85.16973,2943,25863,0,0,0,1,12,63,10.819975750231361,0.0
435,Rossville,Clinton County,34.96311,-85.27405,28535,21496,0,1,1,1,6,43,1.2529645306279875,0.0
436,Royston,Franklin County,34.270167,-83.12841999999998,9077,19505,0,0,0,3,9,61,11.747352134936243,0.0
437,Rutledge,Delaware County,33.614556,-83.61157,3052,20060,0,0,1,3,38,80,8.629965441208238,0.0
438,Rydal,Montgomery County,34.346142,-84.73232,3467,25700,0,0,0,4,38,62,10.597768339625306,0.0
439,Saint Marys,Jasper County,30.761081,-81.56912,21307,29862,0,1,1,1,2,13,3.059934395376641,0.0
440,Saint Simons Island,Glynn County,31.176515999999996,-81.3802,16402,42933,0,0,1,1,4,16,6.177772679565186,0.0
441,Sale City,Mitchell County,31.258794,-84.02897,764,25292,0,0,0,2,10,27,10.628029875940243,0.0
442,Sapelo Island,McIntosh County,31.423776,-81.27064,187,45649,0,0,0,0,6,17,21.279334873776314,0.0
443,Sardis,Montgomery County,32.969028,-81.79396,1936,20675,0,0,0,2,10,25,13.984614723071289,0.0
444,Sautee Nacoochee,White County,34.696896,-83.68012,3545,29688,0,0,0,2,13,60,11.40945885097573,0.0
445,Scottdale,Westmoreland County,33.791537,-84.25994,2824,27753,0,6,17,24,46,78,1.0214152645670938,0.0
446,Screven,Screven County,31.515981,-82.04908,2853,23512,0,0,0,1,8,28,10.555635590869722,0.0
447,Senoia,Coweta County,33.281102000000004,-84.58017,15245,34839,0,0,0,4,35,72,11.423416627856193,0.0
448,Seville,Seville,31.989039000000002,-83.394574,43,14453,0,0,0,1,14,48,18.560530663391315,0.0
449,Shady Dale,Jasper County,33.421694,-83.61433000000002,1292,22500,0,0,1,4,29,80,8.489892187500502,0.0
450,Sharon,Norfolk County,33.560693,-82.80015,28,30500,0,0,0,1,11,67,17.411318783951238,0.0
451,Sharpsburg,Washington County,33.387534,-84.65511,22247,39430,0,0,3,3,36,72,5.955549972226495,0.0
452,Shiloh,Hardin County,32.803518,-84.69384000000002,2238,22196,0,0,1,1,10,67,5.945656905170754,0.0
453,Siloam,Lifou,33.535009,-83.07786999999998,67,16375,0,0,0,1,11,72,10.179814467691827,0.0
454,Silver Creek,Chautauqua County,34.145931,-85.14341999999998,5799,25726,0,0,3,3,22,60,8.062491597053025,0.0
455,Smithville,Clay County,31.901065999999997,-84.25036999999998,1566,21579,0,0,0,1,8,37,11.430669345309262,0.0
456,Smyrna,Cobb County,33.859137,-84.53744,84372,39592,0,1,3,22,45,76,3.875739395746883,0.0
457,Snellville,Gwinnett County,33.822204,-84.03707,81950,31806,0,0,2,20,43,77,9.780703277916809,0.0
458,Social Circle,Walton County,33.65072,-83.70779,9308,31112,0,0,1,4,40,81,8.761630001416343,0.0
459,Soperton,Treutlen County,32.387041,-82.58272,5885,21206,0,0,0,2,11,47,17.23551079288244,0.0
460,Sparks,Washoe County,31.183567,-83.43559,3660,18750,0,0,1,2,14,30,5.178271615230463,0.0
461,Stapleton,Denver County,33.234802,-82.46303,1837,18444,0,0,0,1,10,41,19.992161614984642,0.0
462,Statenville,Echols County,30.703175,-83.02568000000002,912,26356,0,0,0,1,6,22,18.953086585476157,0.0
463,Statham,Barrow County,33.957713,-83.58491,10214,27892,0,0,1,4,39,79,7.864085463299186,0.0
464,Stephens,Boone County,33.784316,-83.16666,954,25027,0,0,0,0,14,73,21.325039339475094,0.0
465,Stillmore,Emanuel County,32.439708,-82.22278,83,16429,0,0,1,3,9,39,9.451053430057248,0.0
466,Stockbridge,Henry County,33.547578,-84.21809,67533,31020,0,0,0,14,45,81,10.139601872234307,0.0
467,Stockton,San Joaquin County,30.957421000000004,-83.00524,1096,32178,0,0,1,3,11,26,7.5739546997699225,0.0
468,Stone Mountain,DeKalb County,33.891251000000004,-84.07455999999998,128310,27196,0,0,2,22,45,77,5.943181165686177,0.0
469,Suches,Union County,34.731084,-84.07943,796,21199,0,0,0,2,15,59,12.574923737128659,0.0
470,Sugar Valley,Gordon County,34.574804,-85.02481999999998,940,21581,0,0,1,3,13,56,7.169500121707274,0.0
471,Summerville,Dorchester County,34.489847999999995,-85.32928000000003,15438,22099,0,0,0,2,8,51,16.5716284677914,0.0
472,Sumner,Noble County,31.484090999999996,-83.73515,855,24138,0,0,1,2,14,32,6.494379447240022,0.0
473,Sunny Side,Johnson County,33.345253,-84.289814,96,25938,0,0,1,4,43,76,7.4171056650718645,0.0
474,Surrency,Appling County,31.715778000000004,-82.19784,1296,23250,0,0,0,1,9,32,19.250086240703983,0.0
475,Suwanee,Gwinnett County,34.052698,-84.07485,77334,44131,0,0,4,13,42,74,5.893305571430954,0.0
476,Sycamore,Boone County,31.652541999999997,-83.57934,1788,22479,0,0,0,4,15,37,13.545046815924273,0.0
477,Talbotton,Talbot County,32.683146,-84.52243,2174,19152,0,0,0,2,13,65,17.01386143313533,0.0
478,Talking Rock,Pickens County,34.537611,-84.51135,5544,22759,0,0,1,1,27,62,7.295085718179378,0.0
479,Tallapoosa,Haralson County,33.748838,-85.29304,6594,25903,0,0,0,2,13,60,17.642671932618132,0.0
480,Tallulah Falls,Habersham County,34.742007,-83.397716,219,49114,0,0,0,2,9,53,10.661287332870788,0.0
481,Talmo,Jackson County,34.191571,-83.71124,1533,26052,0,0,2,4,39,72,8.782936725940163,0.0
482,Tarrytown,Westchester County,32.309128,-82.52255,338,27708,0,0,0,1,10,48,11.017620294339732,0.0
483,Tate,Washington County,34.418116,-84.38462,1427,36202,0,1,1,2,40,65,4.093844639328918,0.0
484,Taylorsville,Salt Lake County,34.113826,-84.97274,2971,24628,0,0,0,5,37,64,11.857931071326396,0.0
485,Temple,Montgomery County,33.76324,-85.02667,19109,26907,0,0,1,5,33,65,6.45852707554031,0.0
486,Tennga,Murray County,34.981449,-84.735233,40,28971,0,0,0,2,7,53,14.152692054189906,0.0
487,Tennille,Washington County,32.89115,-82.82775,4695,21113,0,0,1,1,10,47,7.349838067481912,0.0
488,The Rock,Washington County,32.995865,-84.25092,639,17227,0,0,1,3,21,72,9.074765572920382,0.0
489,Tiger,Montgomery County,34.846806,-83.48178,2310,22466,0,0,0,3,8,49,16.911393076771,0.0
490,Tignall,Wilkes County,33.912362,-82.6684,1452,19680,0,0,0,1,8,57,18.21868747345879,0.0
491,Toomsboro,Wilkinson County,32.801223,-83.06671,959,17121,0,0,0,0,15,58,20.325663184735845,0.0
492,Townsend,Middlesex County,31.547411999999998,-81.3862,7900,27430,0,0,0,0,5,19,23.769979472241832,0.0
493,Trenton,Mercer County,34.895625,-85.52702,8463,25761,0,0,0,1,6,30,15.346734589120604,0.0
494,Trion,Chattooga County,34.558403999999996,-85.30301,7330,22940,0,0,0,0,9,51,20.369031271334894,0.0
495,Tunnel Hill,Johnson County,34.85973,-85.03867,8813,25581,0,0,1,3,9,50,5.699565055233397,0.0
496,Twin City,Jackson County,32.547214000000004,-82.17048,5085,18584,0,0,0,2,9,37,10.776912038745271,0.0
497,Ty Ty,Tift County,31.47387,-83.66484,1781,20161,0,0,0,2,16,32,10.25869854983,0.0
498,Tybee Island,Chatham County,32.006671999999995,-80.84937,3583,42413,0,0,0,2,4,15,14.149199408966252,0.0
499,Tyrone,Fayette County,33.48012,-84.58724000000002,8677,40398,0,1,1,5,40,74,4.943511828724929,0.0
500,Unadilla,Otsego County,32.24473,-83.72075,4353,21571,0,0,0,4,14,51,14.302791059675599,0.0
501,Union City,Alameda County,33.58087800000001,-84.54611,21399,24219,0,0,2,14,44,75,9.024856474787082,0.0
502,Union Point,Tulsa County,33.652489,-83.08856999999998,3429,18477,0,0,0,1,12,73,14.749626964729803,0.0
503,Upatoi,Muscogee County,32.557718,-84.73957,956,48500,0,0,0,2,7,57,12.453101910516544,0.0
504,Uvalda,Montgomery County,32.03096,-82.48796999999998,2445,26115,0,0,0,2,10,41,13.887099369761863,0.0
505,Varnell,Whitfield County,34.9298,-84.988536,138,18846,0,0,1,3,8,50,9.640669703450904,0.0
506,Waco,McLennan County,33.658254,-85.23496999999998,2498,19109,0,0,0,2,19,60,11.091329737850645,0.0
507,Wadley,Bowie County,32.872098,-82.4023,2911,16288,0,0,0,1,12,41,19.515177081366502,0.0
508,Waleska,Cherokee County,34.332315,-84.57700000000001,6279,29380,0,0,1,3,41,67,9.502991057971974,0.0
509,Warrenton,Fauquier County,33.399555,-82.65655,4205,19797,0,0,0,1,10,54,12.34251419838537,0.0
510,Warthen,Washington County,33.125097,-82.81018,1217,27788,0,0,1,1,8,55,8.909023342039267,0.0
511,Warwick,Kent County,31.782465999999996,-83.86973,1130,18021,0,0,0,2,14,38,14.41108924857351,0.0
512,Watkinsville,Oconee County,33.849286,-83.41232,18337,37228,0,0,0,2,22,75,19.596449641733116,0.0
513,Waverly,Bremer County,31.066478999999998,-81.62656,2008,28592,0,0,0,2,4,19,11.27954682447135,0.0
514,Waverly Hall,Harris County,32.698622,-84.71552,3556,26310,0,0,0,2,9,64,13.275660767038891,0.0
515,Waynesville,Haywood County,31.144634999999997,-81.83010999999998,4839,18019,0,0,0,0,5,22,20.585745538299292,0.0
516,West Green,Athens County,31.631943,-82.71829,842,23750,0,0,0,2,13,46,11.992067322436613,0.0
517,West Point,Orange County,32.867469,-85.13779,7188,25285,0,0,0,1,8,56,12.167765561155367,0.0
518,Weston,Broward County,31.973540999999997,-84.62522,274,17973,0,0,0,0,7,34,22.631772000664565,0.0
519,White,Montgomery County,34.236128,-84.72539,6612,27879,0,1,1,2,39,67,4.63018895271005,0.0
520,White Oak,Allegheny County,31.003384999999998,-81.79512,685,19242,0,0,0,1,4,22,18.687047512804885,0.0
521,White Plains,Westchester County,33.46171,-83.05852,1242,21266,0,0,0,1,10,74,10.694277704297447,0.0
522,Whitesburg,Letcher County,33.517697999999996,-84.91725,4160,22486,0,0,1,5,32,69,9.74953726962729,0.0
523,Wildwood,Cape May County,34.954188,-85.43231999999998,2128,21163,0,0,1,1,5,31,9.566550472251713,0.0
524,Willacoochee,Atkinson County,31.37516500000001,-83.01949,3404,22500,0,0,0,2,13,36,13.091058146388514,0.0
525,Williamson,Wayne County,33.169646,-84.37168,5772,27884,0,0,1,2,32,75,7.722422116028866,0.0
526,Winston,Cleveland County,33.670405,-84.83809000000002,7918,35529,0,0,2,5,39,71,6.827236534619816,0.0
527,Winterville,Pitt County,33.954046999999996,-83.2673,6601,23920,0,0,0,0,15,71,21.612300257091313,0.0
528,Woodbine,Tulsa County,30.915778000000003,-81.67924000000002,5831,28438,0,0,0,1,4,16,10.04124816947496,0.0
529,Woodbury,Orange County,32.973728,-84.5903,2948,18898,0,0,1,2,13,71,7.936232536612993,0.0
530,Woodland,Yolo County,32.797475,-84.54095,849,23859,0,0,0,2,14,70,10.419151420934451,0.0
531,Woodstock,Ulster County,34.108027,-84.4843,101721,39541,0,0,2,13,44,69,8.423722485089108,0.0
532,Wray,Yuma County,31.621764000000002,-83.05502,843,23705,0,0,0,3,13,41,11.644586406430935,0.0
533,Wrens,Jefferson County,33.200325,-82.37625,3065,18634,0,0,0,0,8,40,23.397404028231854,0.0
534,Wrightsville,New Hanover County,32.71732,-82.68926,7046,20232,0,0,0,0,8,46,20.327050016876616,0.0
535,Yatesville,Lawrence County,32.912207,-84.14811999999998,1656,27000,0,0,0,2,18,74,11.117247241030228,0.0
536,Young Harris,Towns County,34.954638,-83.86484,5038,15867,0,0,2,2,8,54,6.330751591380367,0.0
537,Zebulon,Wake County,33.101704999999995,-84.31251999999998,4352,31654,0,0,1,2,29,74,9.838702330350978,0.0
538,Alpharetta,Fulton County,34.080034999999995,-84.21929,189192,51690,118,1,5,14,41,73,2.639779026960968,0.6237050192397141
539,Saint Marys,Jasper County,30.761081,-81.56912,21307,29862,40,1,1,1,2,13,3.059934395376641,1.8773173135589243
540,Lagrange,Troup County,33.036715,-84.98895,54380,23961,542,1,1,1,11,63,4.064631435341222,9.9668995954395
541,Roswell,Chaves County,33.844371,-84.47405,99770,42613,249,0,15,23,46,77,5.139200730369802,2.495740202465671
